Workbook

Sheet Sheet1
A1: label ID | B1: CROSS | C1: LINE | D1: PLANT_ID | E1: Rhizomes | F1: Weight (g DW) | G1: Length(cm) | H1: ProjArea(cm2) | I1: SurfArea(cm2) | J1: AvgDiam(mm) | K1: 0<.L.<=0.0500000 | L1: 0.0500000<.L.<=0.1000000 | M1: 0.1000000<.L.<=0.1500000 | N1: 0.1500000<.L.<=0.2000000 | O1: 0.2000000<.L.<=0.2500000 | P1: 0.2500000<.L.<=0.3000000 | Q1: 0.3000000<.L.<=0.3500000 | R1: 0.3500000<.L.<=0.4000000 | S1: 0.4000000<.L.<=0.4500000 | T1: 0.4500000<.L.<=0.5000000 | U1: 0.5000000<.L.<=0.5500000 | V1: 0.5500000<.L.<=0.6000000 | W1: 0.6000000<.L.<=0.6500000 | X1: 0.6500000<.L.<=0.7000000 | Y1: 0.7000000<.L.<=0.7500000 | Z1: 0.7500000<.L.<=0.8000000 | AA1: 0.8000000<.L.<=0.8500000 | AB1: 0.8500000<.L.<=0.9000000 | AC1: 0.9000000<.L.<=0.9500000 | AD1: 0.9500000<.L.<=1.0000000 | AE1: 1.0000000<.L.<=1.0500000 | AF1: 1.0500000<.L.<=1.1000000 | AG1: 1.1000000<.L.<=1.1500000 | AH1: 1.1500000<.L.<=1.2000000 | AI1: 1.2000000<.L.<=1.2500000 | AJ1: 1.2500000<.L.<=1.3000000 | AK1: 1.3000000<.L.<=1.3500000 | AL1: 1.3500000<.L.<=1.4000000 | AM1: 1.4000000<.L.<=1.4500000 | AN1: 1.4500000<.L.<=1.5000000 | AO1: 1.5000000<.L.<=1.5500000 | AP1: 1.5500000<.L.<=1.6000000 | AQ1: 1.6000000<.L.<=1.6500000 | AR1: 1.6500000<.L.<=1.7000000 | AS1: 1.7000000<.L.<=1.7500000 | AT1: 1.7500000<.L.<=1.8000000 | AU1: 1.8000000<.L.<=1.8500000 | AV1: 1.8500000<.L.<=1.9000000 | AW1: 1.9000000<.L.<=1.9500000 | AX1: 1.9500000<.L.<=2.0000000 | AY1: 2.0000000<.L.<=2.0500000 | AZ1: 2.0500000<.L.<=2.1000000 | BA1: 2.1000000<.L.<=2.1500000 | BB1: 2.1500000<.L.<=2.2000000 | BC1: 2.2000000<.L.<=2.2500000 | BD1: 2.2500000<.L.<=2.3000000 | BE1: 2.3000000<.L.<=2.3500000 | BF1: 2.3500000<.L.<=2.4000000 | BG1: 2.4000000<.L.<=2.4500000 | BH1: 2.4500000<.L.<=2.5000000 | BI1: 2.5000000<.L.<=2.5500000 | BJ1: 2.5500000<.L.<=2.6000000 | BK1: 2.6000000<.L.<=2.6500000 | BL1: 2.6500000<.L.<=2.7000000 | BM1: 2.7000000<.L.<=2.7500000 | BN1: 2.7500000<.L.<=2.8000000 | BO1: 2.8000000<.L.<=2.8500000 | BP1: 2.8500000<.L.<=2.9000000 | BQ1: 2.9000000<.L.<=2.9500000 | BR1: 2.9500000<.L.<=3.0000000 | BS1: 3.0000000<.L.<=3.0500000 | BT1: 3.0500000<.L.<=3.1000000 | BU1: 3.1000000<.L.<=3.1500000 | BV1: 3.1500000<.L.<=3.2000000 | BW1: 3.2000000<.L.<=3.2500000 | BX1: 3.2500000<.L.<=3.3000000 | BY1: 3.3000000<.L.<=3.3500000 | BZ1: 3.3500000<.L.<=3.4000000 | CA1: 3.4000000<.L.<=3.4500000 | CB1: 3.4500000<.L.<=3.5000000 | CC1: 3.5000000<.L.<=3.5500000 | CD1: 3.5500000<.L.<=3.6000000 | CE1: 3.6000000<.L.<=3.6500000 | CF1: 3.6500000<.L.<=3.7000000 | CG1: 3.7000000<.L.<=3.7500000 | CH1: 3.7500000<.L.<=3.8000000 | CI1: 3.8000000<.L.<=3.8500000 | CJ1: 3.8500000<.L.<=3.9000000 | CK1: 3.9000000<.L.<=3.9500000 | CL1: 3.9500000<.L.<=4.0000000 | CM1: .L.>4.0000000 | CN1: 0<.SA.<=0.0500000 | CO1: 0.0500000<.SA.<=0.1000000 | CP1: 0.1000000<.SA.<=0.1500000 | CQ1: 0.1500000<.SA.<=0.2000000 | CR1: 0.2000000<.SA.<=0.2500000 | CS1: 0.2500000<.SA.<=0.3000000 | CT1: 0.3000000<.SA.<=0.3500000 | CU1: 0.3500000<.SA.<=0.4000000 | CV1: 0.4000000<.SA.<=0.4500000 | CW1: 0.4500000<.SA.<=0.5000000 | CX1: 0.5000000<.SA.<=0.5500000 | CY1: 0.5500000<.SA.<=0.6000000 | CZ1: 0.6000000<.SA.<=0.6500000 | DA1: 0.6500000<.SA.<=0.7000000 | DB1: 0.7000000<.SA.<=0.7500000 | DC1: 0.7500000<.SA.<=0.8000000 | DD1: 0.8000000<.SA.<=0.8500000 | DE1: 0.8500000<.SA.<=0.9000000 | DF1: 0.9000000<.SA.<=0.9500000 | DG1: 0.9500000<.SA.<=1.0000000 | DH1: 1.0000000<.SA.<=1.0500000 | DI1: 1.0500000<.SA.<=1.1000000 | DJ1: 1.1000000<.SA.<=1.1500000 | DK1: 1.1500000<.SA.<=1.2000000 | DL1: 1.2000000<.SA.<=1.2500000 | DM1: 1.2500000<.SA.<=1.3000000 | DN1: 1.3000000<.SA.<=1.3500000 | DO1: 1.3500000<.SA.<=1.4000000 | DP1: 1.4000000<.SA.<=1.4500000 | DQ1: 1.4500000<.SA.<=1.5000000 | DR1: 1.5000000<.SA.<=1.5500000 | DS1: 1.5500000<.SA.<=1.6000000 | DT1: 1.6000000<.SA.<=1.6500000 | DU1: 1.6500000<.SA.<=1.7000000 | DV1: 1.7000000<.SA.<=1.7500000 | DW1: 1.7500000<.SA.<=1.8000000 | DX1: 1.8000000<.SA.<=1.8500000 | DY1: 1.8500000<.SA.<=1.9000000 | DZ1: 1.9000000<.SA.<=1.9500000 | EA1: 1.9500000<.SA.<=2.0000000 | EB1: 2.0000000<.SA.<=2.0500000 | EC1: 2.0500000<.SA.<=2.1000000 | ED1: 2.1000000<.SA.<=2.1500000 | EE1: 2.1500000<.SA.<=2.2000000 | EF1: 2.2000000<.SA.<=2.2500000 | EG1: 2.2500000<.SA.<=2.3000000 | EH1: 2.3000000<.SA.<=2.3500000 | EI1: 2.3500000<.SA.<=2.4000000 | EJ1: 2.4000000<.SA.<=2.4500000 | EK1: 2.4500000<.SA.<=2.5000000 | EL1: 2.5000000<.SA.<=2.5500000 | EM1: 2.5500000<.SA.<=2.6000000 | EN1: 2.6000000<.SA.<=2.6500000 | EO1: 2.6500000<.SA.<=2.7000000 | EP1: 2.7000000<.SA.<=2.7500000 | EQ1: 2.7500000<.SA.<=2.8000000 | ER1: 2.8000000<.SA.<=2.8500000 | ES1: 2.8500000<.SA.<=2.9000000 | ET1: 2.9000000<.SA.<=2.9500000 | EU1: 2.9500000<.SA.<=3.0000000 | EV1: 3.0000000<.SA.<=3.0500000 | EW1: 3.0500000<.SA.<=3.1000000 | EX1: 3.1000000<.SA.<=3.1500000 | EY1: 3.1500000<.SA.<=3.2000000 | EZ1: 3.2000000<.SA.<=3.2500000 | FA1: 3.2500000<.SA.<=3.3000000 | FB1: 3.3000000<.SA.<=3.3500000 | FC1: 3.3500000<.SA.<=3.4000000 | FD1: 3.4000000<.SA.<=3.4500000 | FE1: 3.4500000<.SA.<=3.5000000 | FF1: 3.5000000<.SA.<=3.5500000 | FG1: 3.5500000<.SA.<=3.6000000 | FH1: 3.6000000<.SA.<=3.6500000 | FI1: 3.6500000<.SA.<=3.7000000 | FJ1: 3.7000000<.SA.<=3.7500000 | FK1: 3.7500000<.SA.<=3.8000000 | FL1: 3.8000000<.SA.<=3.8500000 | FM1: 3.8500000<.SA.<=3.9000000 | FN1: 3.9000000<.SA.<=3.9500000 | FO1: 3.9500000<.SA.<=4.0000000 | FP1: .SA.>4.0000000
A2: N1001 | B2: VWAD | C2: 88 | D2: VWAD.88.4 | G2: 3797.3749 | H2: 231.6935 | I2: 727.8866 | J2: 0.6193875 | K2: 0 | L2: 9.1865 | M2: 28.206 | N2: 435.8132 | O2: 561.2879 | P2: 466.9262 | Q2: 632.9216 | R2: 282.6667 | S2: 181.5745 | T2: 134.2252 | U2: 160.9919 | V2: 61.5662 | W2: 88.9034 | X2: 51.0475 | Y2: 33.2879 | Z2: 40.4841 | AA2: 45.0474 | AB2: 37.8467 | AC2: 32.5079 | AD2: 36.5726 | AE2: 22.8441 | AF2: 32.6888 | AG2: 11.9547 | AH2: 29.1416 | AI2: 42.3222 | AJ2: 19.8208 | AK2: 35.5442 | AL2: 19.3675 | AM2: 29.2769 | AN2: 34.9475 | AO2: 29.669 | AP2: 26.6725 | AQ2: 28.3547 | AR2: 20.4432 | AS2: 14.7104 | AT2: 19.4369 | AU2: 12.8299 | AV2: 6.8734 | AW2: 7.0829 | AX2: 7.4851 | AY2: 5.2436 | AZ2: 3.9816 | BA2: 1.8746 | BB2: 3.0167 | BC2: 1.5371 | BD2: 0.9027 | BE2: 1.1257 | BF2: 0.2285 | BG2: 0.7897 | BH2: 0.4379 | BI2: 0.2337 | BJ2: 0.3444 | BK2: 0.3198 | BL2: 0.2178 | BM2: 0.4721 | BN2: 0.2911 | BO2: 0.8428 | BP2: 0.1961 | BQ2: 0.0354 | BR2: 0.1793 | BS2: 0.0269 | BT2: 0.0201 | BU2: 0.2788 | BV2: 0.6077 | BW2: 0.0285 | BX2: 0.0497 | BY2: 0.0639 | BZ2: 0.0396 | CA2: 0.0201 | CB2: 0.0555 | CC2: 0.0397 | CD2: 0.0576 | CE2: 0.046 | CF2: 0.1349 | CG2: 0.0798 | CH2: 0.0069 | CI2: 0.1808 | CJ2: 0 | CK2: 0 | CL2: 0 | CM2: 0 | CN2: 0 | CO2: 0.252 | CP2: 1.1514 | CQ2: 24.9174 | CR2: 39.7354 | CS2: 39.144 | CT2: 63.5305 | CU2: 33.5744 | CV2: 24.1877 | CW2: 19.6927 | CX2: 26.7144 | CY2: 11.1725 | CZ2: 17.4078 | DA2: 11.0255 | DB2: 7.5625 | DC2: 9.7964 | DD2: 11.6282 | DE2: 10.4622 | DF2: 9.4415 | DG2: 11.2259 | DH2: 7.3261 | DI2: 11.0807 | DJ2: 4.2458 | DK2: 10.6972 | DL2: 16.3921 | DM2: 7.9314 | DN2: 14.8284 | DO2: 8.3846 | DP2: 13.0421 | DQ2: 16.2012 | DR2: 14.2895 | DS2: 13.1147 | DT2: 14.4447 | DU2: 10.7845 | DV2: 7.9602 | DW2: 10.7846 | DX2: 7.3653 | DY2: 4.0607 | DZ2: 4.2724 | EA2: 4.6494 | EB2: 3.3408 | EC2: 2.6091 | ED2: 1.2479 | EE2: 2.0582 | EF2: 1.0785 | EG2: 0.6467 | EH2: 0.8202 | EI2: 0.1703 | EJ2: 0.5989 | EK2: 0.3413 | EL2: 0.185 | EM2: 0.279 | EN2: 0.265 | EO2: 0.1819 | EP2: 0.4039 | EQ2: 0.2545 | ER2: 0.7503 | ES2: 0.1768 | ET2: 0.0326 | EU2: 0.1678 | EV2: 0.0257 | EW2: 0.0195 | EX2: 0.2745 | EY2: 0.6074 | EZ2: 0.0291 | FA2: 0.0509 | FB2: 0.0667 | FC2: 0.042 | FD2: 0.0216 | FE2: 0.0605 | FF2: 0.044 | FG2: 0.0648 | FH2: 0.0525 | FI2: 0.156 | FJ2: 0.0932 | FK2: 0.0081 | FL2: 0.2172 | FM2: 0 | FN2: 0 | FO2: 0 | FP2: 0
A3: N1002 | B3: ADVW | C3: 209 | D3: ADVW.209.4 | E3: =VLOOKUP(A3,[1]RHIZOMES!$A$1:$B$1048576,2,0) -> #N/A | F3: =VLOOKUP(A3,[1]ROOT!$A$1:$C$1048576,3,0) -> #N/A | G3: 2145.3141 | H3: 127.7677 | I3: 401.3938 | J3: 0.58986667 | K3: 0 | L3: 317.1966 | M3: 338.9584 | N3: 238.8556 | O3: 0.8348 | P3: 219.9983 | Q3: 80.4491 | R3: 101.9883 | S3: 59.4102 | T3: 12.1238 | U3: 61.7452 | V3: 46.8246 | W3: 24.8101 | X3: 41.016 | Y3: 34.8328 | Z3: 30.7549 | AA3: 18.8355 | AB3: 33.3544 | AC3: 15.352 | AD3: 46.1108 | AE3: 31.0168 | AF3: 45.2447 | AG3: 15.2614 | AH3: 26.519 | AI3: 32.2374 | AJ3: 8.8333 | AK3: 34.2585 | AL3: 29.2679 | AM3: 14.415 | AN3: 11.3145 | AO3: 27.9056 | AP3: 13.6716 | AQ3: 18.669 | AR3: 9.168 | AS3: 6.763 | AT3: 11.9093 | AU3: 8.5352 | AV3: 1.2639 | AW3: 5.142 | AX3: 6.9555 | AY3: 5.3142 | AZ3: 3.8416 | BA3: 6.447 | BB3: 8.0391 | BC3: 4.4617 | BD3: 2.083 | BE3: 5.1152 | BF3: 1.9961 | BG3: 3.3669 | BH3: 2.3822 | BI3: 1.3093 | BJ3: 1.5271 | BK3: 2.4028 | BL3: 0.8819 | BM3: 0.817 | BN3: 2.3543 | BO3: 0.6188 | BP3: 1.5329 | BQ3: 0.1887 | BR3: 0.4694 | BS3: 1.1959 | BT3: 1.1283 | BU3: 1.1069 | BV3: 0.2347 | BW3: 0.9256 | BX3: 0.4943 | BY3: 0.3586 | BZ3: 0.1196 | CA3: 0.6525 | CB3: 0 | CC3: 0.0988 | CD3: 0.657 | CE3: 0 | CF3: 0.1886 | CG3: 0.0656 | CH3: 0 | CI3: 0.2036 | CJ3: 0 | CK3: 0 | CL3: 0 | CM3: 0.2279 | CN3: 0 | CO3: 6.7796 | CP3: 14.3992 | CQ3: 14.5946 | CR3: 0.0576 | CS3: 18.2783 | CT3: 8.1662 | CU3: 11.9255 | CV3: 8.2382 | CW3: 1.7529 | CX3: 10.0249 | CY3: 8.5806 | CZ3: 4.9244 | DA3: 8.6116 | DB3: 7.9231 | DC3: 7.5671 | DD3: 4.8168 | DE3: 9.1291 | DF3: 4.4393 | DG3: 14.0274 | DH3: 9.9716 | DI3: 15.3621 | DJ3: 5.415 | DK3: 9.7913 | DL3: 12.5576 | DM3: 3.517 | DN3: 14.2434 | DO3: 12.7627 | DP3: 6.5448 | DQ3: 5.2042 | DR3: 13.3388 | DS3: 6.788 | DT3: 9.5377 | DU3: 4.8314 | DV3: 3.6329 | DW3: 6.6143 | DX3: 4.9265 | DY3: 0.7489 | DZ3: 3.0796 | EA3: 4.3093 | EB3: 3.3983 | EC3: 2.5027 | ED3: 4.2948 | EE3: 5.4997 | EF3: 3.1263 | EG3: 1.4909 | EH3: 3.7466 | EI3: 1.4843 | EJ3: 2.562 | EK3: 1.8651 | EL3: 1.0414 | EM3: 1.2308 | EN3: 1.9816 | EO3: 0.7466 | EP3: 0.6968 | EQ3: 2.0512 | ER3: 0.5496 | ES3: 1.3803 | ET3: 0.1739 | EU3: 0.437 | EV3: 1.1353 | EW3: 1.0917 | EX3: 1.0923 | EY3: 0.2326 | EZ3: 0.938 | FA3: 0.5114 | FB3: 0.3721 | FC3: 0.1261 | FD3: 0.7051 | FE3: 0 | FF3: 0.1092 | FG3: 0.7416 | FH3: 0 | FI3: 0.2182 | FJ3: 0.0772 | FK3: 0 | FL3: 0.2439 | FM3: 0 | FN3: 0 | FO3: 0 | FP3: 0.2888
A4: N1003 | B4: VWAD | C4: 110 | D4: VWAD.110.4 | G4: 3070.1213 | H4: 123.4252 | I4: 387.7514 | J4: 0.405325 | K4: 0.0055 | L4: 293.7648 | M4: 373.894 | N4: 635.3421 | O4: 440.3823 | P4: 289.9481 | Q4: 168.8169 | R4: 142.6821 | S4: 91.3621 | T4: 76.9893 | U4: 70.9454 | V4: 45.5949 | W4: 34.9054 | X4: 39.3115 | Y4: 36.0698 | Z4: 24.8657 | AA4: 17.6746 | AB4: 12.2921 | AC4: 9.8238 | AD4: 10.6354 | AE4: 7.4147 | AF4: 8.2239 | AG4: 7.1291 | AH4: 6.0742 | AI4: 9.5785 | AJ4: 12.357 | AK4: 11.5328 | AL4: 15.3064 | AM4: 12.0024 | AN4: 11.2057 | AO4: 10.2581 | AP4: 10.4352 | AQ4: 9.8037 | AR4: 10.4083 | AS4: 9.7103 | AT4: 10.9538 | AU4: 9.5229 | AV4: 11.6918 | AW4: 12.5518 | AX4: 10.9817 | AY4: 10.6236 | AZ4: 8.0632 | BA4: 5.9771 | BB4: 3.9851 | BC4: 3.0291 | BD4: 2.6899 | BE4: 1.7162 | BF4: 1.6919 | BG4: 1.0733 | BH4: 0.4331 | BI4: 0.5003 | BJ4: 0.6651 | BK4: 1.1019 | BL4: 0.2908 | BM4: 0.5247 | BN4: 0.5928 | BO4: 0.4136 | BP4: 0.6167 | BQ4: 0.2391 | BR4: 0.4701 | BS4: 0.2844 | BT4: 0.7505 | BU4: 0.1481 | BV4: 0.0598 | BW4: 0.0931 | BX4: 0.0904 | BY4: 0.073 | BZ4: 0.0915 | CA4: 0.0381 | CB4: 0.3484 | CC4: 0.0264 | CD4: 0 | CE4: 0 | CF4: 0 | CG4: 0 | CH4: 0 | CI4: 0 | CJ4: 0 | CK4: 0 | CL4: 0 | CM4: 0 | CN4: 0.0001 | CO4: 7.7697 | CP4: 14.8396 | CQ4: 34.9558 | CR4: 30.6502 | CS4: 24.7802 | CT4: 17.1385 | CU4: 16.7611 | CV4: 12.2108 | CW4: 11.4655 | CX4: 11.6641 | CY4: 8.2182 | CZ4: 6.8505 | DA4: 8.3344 | DB4: 8.2055 | DC4: 6.045 | DD4: 4.5667 | DE4: 3.3624 | DF4: 2.8538 | DG4: 3.2538 | DH4: 2.3894 | DI4: 2.7881 | DJ4: 2.5192 | DK4: 2.2445 | DL4: 3.6857 | DM4: 4.9441 | DN4: 4.808 | DO4: 6.6224 | DP4: 5.3541 | DQ4: 5.1874 | DR4: 4.9058 | DS4: 5.1727 | DT4: 4.9984 | DU4: 5.4759 | DV4: 5.251 | DW4: 6.1073 | DX4: 5.4594 | DY4: 6.8913 | DZ4: 7.5766 | EA4: 6.813 | EB4: 6.7701 | EC4: 5.2476 | ED4: 3.9953 | EE4: 2.7194 | EF4: 2.1187 | EG4: 1.9268 | EH4: 1.252 | EI4: 1.2607 | EJ4: 0.8171 | EK4: 0.3369 | EL4: 0.396 | EM4: 0.5402 | EN4: 0.9098 | EO4: 0.2436 | EP4: 0.45 | EQ4: 0.5166 | ER4: 0.3681 | ES4: 0.5573 | ET4: 0.219 | EU4: 0.4366 | EV4: 0.2705 | EW4: 0.7227 | EX4: 0.1456 | EY4: 0.0596 | EZ4: 0.0944 | FA4: 0.0931 | FB4: 0.0761 | FC4: 0.0968 | FD4: 0.041 | FE4: 0.3823 | FF4: 0.0293 | FG4: 0 | FH4: 0 | FI4: 0 | FJ4: 0 | FK4: 0 | FL4: 0 | FM4: 0 | FN4: 0 | FO4: 0 | FP4: 0
A5: N1006 | B5: VWAD | C5: 113 | D5: VWAD.113.4 | G5: 2593.1142 | H5: 164.7268 | I5: 517.5046 | J5: 0.60213333 | K5: 0.0345 | L5: 216.8309 | M5: 207.5319 | N5: 318.3106 | O5: 273.7926 | P5: 202.695 | Q5: 128.4362 | R5: 139.8679 | S5: 87.1783 | T5: 77.5847 | U5: 68.7557 | V5: 66.808 | W5: 52.027 | X5: 45.5244 | Y5: 34.0102 | Z5: 30.1178 | AA5: 24.3256 | AB5: 18.9431 | AC5: 17.1142 | AD5: 19.3599 | AE5: 26.1097 | AF5: 19.9086 | AG5: 14.5709 | AH5: 19.084 | AI5: 22.0472 | AJ5: 21.9878 | AK5: 25.4418 | AL5: 20.8825 | AM5: 27.061 | AN5: 22.8123 | AO5: 27.2765 | AP5: 25.2054 | AQ5: 34.1246 | AR5: 35.1132 | AS5: 24.6097 | AT5: 26.8333 | AU5: 18.693 | AV5: 15.9567 | AW5: 15.771 | AX5: 15.3261 | AY5: 16.7394 | AZ5: 11.7887 | BA5: 15.3766 | BB5: 11.5041 | BC5: 10.2398 | BD5: 7.8196 | BE5: 6.3674 | BF5: 4.8122 | BG5: 5.6023 | BH5: 3.7287 | BI5: 2.1805 | BJ5: 1.7388 | BK5: 1.6509 | BL5: 0.503 | BM5: 0.7784 | BN5: 1.0639 | BO5: 0.2528 | BP5: 0.4569 | BQ5: 0.3967 | BR5: 0.477 | BS5: 0.1658 | BT5: 0.0063 | BU5: 0.3346 | BV5: 0.0137 | BW5: 0 | BX5: 0 | BY5: 0 | BZ5: 0 | CA5: 0.0628 | CB5: 0.0206 | CC5: 0 | CD5: 0 | CE5: 0.0343 | CF5: 0 | CG5: 0 | CH5: 0 | CI5: 0 | CJ5: 0 | CK5: 0 | CL5: 0 | CM5: 0 | CN5: 0.0004 | CO5: 5.705 | CP5: 8.0317 | CQ5: 17.5746 | CR5: 19.0117 | CS5: 17.4011 | CT5: 13.0602 | CU5: 16.4911 | CV5: 11.6523 | CW5: 11.5317 | CX5: 11.3207 | CY5: 12.1129 | CZ5: 10.193 | DA5: 9.6348 | DB5: 7.7369 | DC5: 7.3381 | DD5: 6.2859 | DE5: 5.1979 | DF5: 4.975 | DG5: 5.9338 | DH5: 8.4154 | DI5: 6.726 | DJ5: 5.1477 | DK5: 7.0365 | DL5: 8.5078 | DM5: 8.7996 | DN5: 10.5884 | DO5: 9.0451 | DP5: 12.1051 | DQ5: 10.5602 | DR5: 13.0771 | DS5: 12.4881 | DT5: 17.4155 | DU5: 18.4716 | DV5: 13.3383 | DW5: 14.9381 | DX5: 10.7275 | DY5: 9.396 | DZ5: 9.5324 | EA5: 9.5138 | EB5: 10.6505 | EC5: 7.6829 | ED5: 10.2712 | EE5: 7.8581 | EF5: 7.1563 | EG5: 5.5843 | EH5: 4.6551 | EI5: 3.594 | EJ5: 4.2646 | EK5: 2.8985 | EL5: 1.7289 | EM5: 1.409 | EN5: 1.361 | EO5: 0.4217 | EP5: 0.6663 | EQ5: 0.927 | ER5: 0.2256 | ES5: 0.4141 | ET5: 0.3642 | EU5: 0.4456 | EV5: 0.1585 | EW5: 0.0061 | EX5: 0.3262 | EY5: 0.0137 | EZ5: 0 | FA5: 0 | FB5: 0 | FC5: 0 | FD5: 0.0675 | FE5: 0.0225 | FF5: 0 | FG5: 0 | FH5: 0.0391 | FI5: 0 | FJ5: 0 | FK5: 0 | FL5: 0 | FM5: 0 | FN5: 0 | FO5: 0 | FP5: 0
A6: N1007 | B6: =#N/A -> #N/A | C6: =#N/A -> #N/A | D6: =#N/A -> #N/A | G6: 3805.0056 | H6: 300.6121 | I6: 944.4006 | J6: 0.797675 | K6: 0 | L6: 318.7504 | M6: 291.6321 | N6: 398.4549 | O6: 283.4076 | P6: 187.5639 | Q6: 117.2967 | R6: 122.957 | S6: 82.3927 | T6: 67.5163 | U6: 72.5652 | V6: 69.1319 | W6: 58.9985 | X6: 58.7689 | Y6: 52.6793 | Z6: 50.8233 | AA6: 56.9947 | AB6: 57.1931 | AC6: 51.5096 | AD6: 56.0431 | AE6: 63.6671 | AF6: 64.0947 | AG6: 62.2617 | AH6: 62.5784 | AI6: 63.8472 | AJ6: 68.507 | AK6: 72.9236 | AL6: 70.7699 | AM6: 73.2751 | AN6: 67.5943 | AO6: 80.1769 | AP6: 71.3798 | AQ6: 70.2537 | AR6: 68.175 | AS6: 61.8112 | AT6: 73.6779 | AU6: 56.8702 | AV6: 37.6256 | AW6: 29.0175 | AX6: 28.4819 | AY6: 21.9609 | AZ6: 16.871 | BA6: 15.843 | BB6: 7.312 | BC6: 7.6784 | BD6: 7.7277 | BE6: 4.1542 | BF6: 3.6676 | BG6: 3.3459 | BH6: 2.2197 | BI6: 1.6033 | BJ6: 1.367 | BK6: 0.7211 | BL6: 0.6198 | BM6: 1.0961 | BN6: 1.4596 | BO6: 0.5068 | BP6: 0.5403 | BQ6: 0.4704 | BR6: 0.424 | BS6: 0.1957 | BT6: 0.0926 | BU6: 0.4856 | BV6: 0.0449 | BW6: 0.0544 | BX6: 0.0296 | BY6: 0.104 | BZ6: 0.0545 | CA6: 0.0386 | CB6: 0.1222 | CC6: 0.2864 | CD6: 0.0676 | CE6: 0.111 | CF6: 0.093 | CG6: 0.0159 | CH6: 0.2548 | CI6: 0 | CJ6: 0 | CK6: 0 | CL6: 0 | CM6: 0 | CN6: 0 | CO6: 8.3806 | CP6: 11.1687 | CQ6: 21.862 | CR6: 19.6583 | CS6: 16.121 | CT6: 11.9659 | CU6: 14.5473 | CV6: 10.9718 | CW6: 10.0443 | CX6: 11.9555 | CY6: 12.5209 | CZ6: 11.5622 | DA6: 12.4401 | DB6: 11.9997 | DC6: 12.3974 | DD6: 14.7661 | DE6: 15.7052 | DF6: 14.982 | DG6: 17.1581 | DH6: 20.5061 | DI6: 21.6716 | DJ6: 21.9669 | DK6: 23.1256 | DL6: 24.5982 | DM6: 27.4032 | DN6: 30.3485 | DO6: 30.6167 | DP6: 32.7727 | DQ6: 31.3263 | DR6: 38.4254 | DS6: 35.3514 | DT6: 35.8341 | DU6: 35.8746 | DV6: 33.4779 | DW6: 41.0665 | DX6: 32.614 | DY6: 22.1449 | DZ6: 17.5351 | EA6: 17.67 | EB6: 13.9856 | EC6: 10.9849 | ED6: 10.574 | EE6: 4.996 | EF6: 5.3686 | EG6: 5.5259 | EH6: 3.0327 | EI6: 2.7395 | EJ6: 2.5436 | EK6: 1.7287 | EL6: 1.2711 | EM6: 1.1053 | EN6: 0.5939 | EO6: 0.5212 | EP6: 0.9388 | EQ6: 1.2705 | ER6: 0.4478 | ES6: 0.4876 | ET6: 0.4916 | EU6: 0.396 | EV6: 0.186 | EW6: 0.0896 | EX6: 0.4761 | EY6: 0.0447 | EZ6: 0.0551 | FA6: 0.0306 | FB6: 0.1091 | FC6: 0.0577 | FD6: 0.0417 | FE6: 0.1334 | FF6: 0.3173 | FG6: 0.0761 | FH6: 0.126 | FI6: 0.1074 | FJ6: 0.0185 | FK6: 0.3019 | FL6: 0 | FM6: 0 | FN6: 0 | FO6: 0 | FP6: 0
A7: N1008 | B7: ADVW | C7: 229 | D7: ADVW.229.16 | G7: 4860.4815 | H7: 296.3589 | I7: 931.0394 | J7: 0.532275 | K7: 0 | L7: 290.1695 | M7: 272.2632 | N7: 489.3699 | O7: 575.4285 | P7: 478.9836 | Q7: 332.2738 | R7: 333.5504 | S7: 200.7279 | T7: 169.9577 | U7: 165.8835 | V7: 140.6839 | W7: 109.1165 | X7: 89.2331 | Y7: 72.5795 | Z7: 60.5953 | AA7: 52.1791 | AB7: 50.4253 | AC7: 40.0549 | AD7: 46.4844 | AE7: 52.6074 | AF7: 53.8481 | AG7: 36.2528 | AH7: 28.7576 | AI7: 26.947 | AJ7: 28.6309 | AK7: 36.0824 | AL7: 34.2312 | AM7: 30.4752 | AN7: 27.6682 | AO7: 34.0269 | AP7: 37.428 | AQ7: 32.566 | AR7: 36.2084 | AS7: 44.2947 | AT7: 49.8577 | AU7: 45.9957 | AV7: 33.223 | AW7: 28.7827 | AX7: 29.7466 | AY7: 21.6057 | AZ7: 17.153 | BA7: 18.1024 | BB7: 14.3446 | BC7: 14.3446 | BD7: 9.6193 | BE7: 9.5072 | BF7: 11.9466 | BG7: 10.7907 | BH7: 7.1082 | BI7: 5.7818 | BJ7: 4.4681 | BK7: 3.6023 | BL7: 1.9388 | BM7: 2.4167 | BN7: 2.5187 | BO7: 1.6959 | BP7: 0.9824 | BQ7: 0.4887 | BR7: 0.9402 | BS7: 0.1151 | BT7: 0.0069 | BU7: 0.4287 | BV7: 0.0797 | BW7: 0.0476 | BX7: 0.2226 | BY7: 0.0275 | BZ7: 0.2372 | CA7: 0 | CB7: 0.1574 | CC7: 0.3728 | CD7: 0 | CE7: 0 | CF7: 0 | CG7: 0 | CH7: 0 | CI7: 0 | CJ7: 0 | CK7: 0 | CL7: 0 | CM7: 0.1474 | CN7: 0 | CO7: 7.5824 | CP7: 10.557 | CQ7: 27.2336 | CR7: 40.266 | CS7: 41.1489 | CT7: 33.8289 | CU7: 39.2821 | CV7: 26.7823 | CW7: 25.306 | CX7: 27.3063 | CY7: 25.4497 | CZ7: 21.3578 | DA7: 18.8911 | DB7: 16.5105 | DC7: 14.7689 | DD7: 13.4964 | DE7: 13.8436 | DF7: 11.6368 | DG7: 14.2337 | DH7: 16.9639 | DI7: 18.1827 | DJ7: 12.8019 | DK7: 10.6206 | DL7: 10.3772 | DM7: 11.4552 | DN7: 15.0056 | DO7: 14.8221 | DP7: 13.6317 | DQ7: 12.8137 | DR7: 16.3104 | DS7: 18.5308 | DT7: 16.6284 | DU7: 19.0495 | DV7: 23.976 | DW7: 27.7984 | DX7: 26.4086 | DY7: 19.5659 | DZ7: 17.3948 | EA7: 18.4513 | EB7: 13.7521 | EC7: 11.1762 | ED7: 12.0839 | EE7: 9.7956 | EF7: 10.0316 | EG7: 6.878 | EH7: 6.9511 | EI7: 8.9141 | EJ7: 8.2132 | EK7: 5.5323 | EL7: 4.5788 | EM7: 3.6137 | EN7: 2.9654 | EO7: 1.6332 | EP7: 2.0694 | EQ7: 2.1908 | ER7: 1.5053 | ES7: 0.8882 | ET7: 0.448 | EU7: 0.8766 | EV7: 0.1097 | EW7: 0.0066 | EX7: 0.4204 | EY7: 0.0798 | EZ7: 0.0481 | FA7: 0.2301 | FB7: 0.0287 | FC7: 0.2511 | FD7: 0 | FE7: 0.1718 | FF7: 0.4107 | FG7: 0 | FH7: 0 | FI7: 0 | FJ7: 0 | FK7: 0 | FL7: 0 | FM7: 0 | FN7: 0 | FO7: 0 | FP7: 0.2068
A8: N1009 | B8: VWAD | C8: 34 | D8: VWAD.34.4 | G8: 1748.8858 | H8: 86.7061 | I8: 272.3952 | J8: 0.47745 | K8: 0.0287 | L8: 228.2021 | M8: 228.6715 | N8: 244.3511 | O8: 175.6024 | P8: 138.1198 | Q8: 93.5331 | R8: 82.7162 | S8: 50.07 | T8: 40.6416 | U8: 31.0002 | V8: 28.9715 | W8: 28.1618 | X8: 32.5799 | Y8: 21.1039 | Z8: 17.7185 | AA8: 12.7146 | AB8: 12.8468 | AC8: 13.2714 | AD8: 14.6252 | AE8: 13.0938 | AF8: 11.2066 | AG8: 15.705 | AH8: 14.0148 | AI8: 9.5956 | AJ8: 10.2079 | AK8: 11.7981 | AL8: 11.3301 | AM8: 10.7166 | AN8: 5.8184 | AO8: 10.8551 | AP8: 12.4392 | AQ8: 10.7973 | AR8: 10.1977 | AS8: 9.6371 | AT8: 12.988 | AU8: 11.7656 | AV8: 9.77 | AW8: 8.4714 | AX8: 9.4737 | AY8: 7.528 | AZ8: 5.7631 | BA8: 5.4109 | BB8: 3.9212 | BC8: 1.7229 | BD8: 1.056 | BE8: 1.9452 | BF8: 1.0056 | BG8: 0.9194 | BH8: 0.4943 | BI8: 0.814 | BJ8: 0.1394 | BK8: 1.081 | BL8: 0.1347 | BM8: 0.0745 | BN8: 0.0465 | BO8: 0.0328 | BP8: 0.2451 | BQ8: 0.1595 | BR8: 0.0254 | BS8: 0.2557 | BT8: 0 | BU8: 0 | BV8: 0 | BW8: 0 | BX8: 0 | BY8: 0 | BZ8: 0 | CA8: 0 | CB8: 0 | CC8: 0 | CD8: 0 | CE8: 0 | CF8: 0 | CG8: 0 | CH8: 0 | CI8: 0 | CJ8: 0 | CK8: 0 | CL8: 0 | CM8: 0 | CN8: 0.0003 | CO8: 5.8614 | CP8: 9.0564 | CQ8: 13.4091 | CR8: 12.2865 | CS8: 11.8425 | CT8: 9.5185 | CU8: 9.7375 | CV8: 6.6746 | CW8: 6.0401 | CX8: 5.0908 | CY8: 5.2543 | CZ8: 5.5281 | DA8: 6.8815 | DB8: 4.7967 | DC8: 4.3104 | DD8: 3.2949 | DE8: 3.5249 | DF8: 3.8625 | DG8: 4.489 | DH8: 4.2134 | DI8: 3.7826 | DJ8: 5.5427 | DK8: 5.1688 | DL8: 3.7035 | DM8: 4.0851 | DN8: 4.9159 | DO8: 4.9018 | DP8: 4.7885 | DQ8: 2.6954 | DR8: 5.2038 | DS8: 6.1679 | DT8: 5.5118 | DU8: 5.3656 | DV8: 5.2242 | DW8: 7.2392 | DX8: 6.7479 | DY8: 5.7582 | DZ8: 5.1181 | EA8: 5.8699 | EB8: 4.7911 | EC8: 3.7605 | ED8: 3.6048 | EE8: 2.6739 | EF8: 1.201 | EG8: 0.7551 | EH8: 1.4206 | EI8: 0.7496 | EJ8: 0.7 | EK8: 0.3853 | EL8: 0.6453 | EM8: 0.1126 | EN8: 0.8935 | EO8: 0.113 | EP8: 0.0638 | EQ8: 0.0405 | ER8: 0.0291 | ES8: 0.2216 | ET8: 0.1458 | EU8: 0.0238 | EV8: 0.2421 | EW8: 0 | EX8: 0 | EY8: 0 | EZ8: 0 | FA8: 0 | FB8: 0 | FC8: 0 | FD8: 0 | FE8: 0 | FF8: 0 | FG8: 0 | FH8: 0 | FI8: 0 | FJ8: 0 | FK8: 0 | FL8: 0 | FM8: 0 | FN8: 0 | FO8: 0 | FP8: 0
A9: N1011 | B9: VWAD | C9: 93 | D9: VWAD.93.4 | F9: =VLOOKUP(A9,[1]ROOT!$A$1:$C$1048576,3,0) -> #N/A | G9: 3607.0072 | H9: 154.2429 | I9: 484.5682 | J9: 0.42716 | K9: 0 | L9: 569.8465 | M9: 714.3384 | N9: 509.6048 | O9: 1.7962 | P9: 500.9732 | Q9: 165.0198 | R9: 225.6799 | S9: 123.5269 | T9: 21.015 | U9: 99.2841 | V9: 66.4479 | W9: 32.126 | X9: 50.984 | Y9: 45.2701 | Z9: 36.3888 | AA9: 22.4159 | AB9: 37.9932 | AC9: 13.1267 | AD9: 37.3292 | AE9: 20.4806 | AF9: 33.9153 | AG9: 9.4144 | AH9: 21.7202 | AI9: 22.0927 | AJ9: 4.6504 | AK9: 20.0577 | AL9: 19.54 | AM9: 9.0677 | AN9: 7.7793 | AO9: 23.649 | AP9: 10.7549 | AQ9: 17.8976 | AR9: 8.1278 | AS9: 6.9461 | AT9: 18.3848 | AU9: 18.7326 | AV9: 0.6439 | AW9: 10.3083 | AX9: 7.0043 | AY9: 3.0846 | AZ9: 3.5808 | BA9: 4.0737 | BB9: 4.1873 | BC9: 2.1778 | BD9: 2.4618 | BE9: 3.0782 | BF9: 1.5611 | BG9: 4.4142 | BH9: 2.6736 | BI9: 0.1947 | BJ9: 1.5041 | BK9: 1.7129 | BL9: 1.5659 | BM9: 0.403 | BN9: 0.4638 | BO9: 0.2359 | BP9: 0.9596 | BQ9: 0.322 | BR9: 0.338 | BS9: 0.4336 | BT9: 0.0629 | BU9: 0.1349 | BV9: 0.4237 | BW9: 0.0614 | BX9: 0 | BY9: 0.065 | BZ9: 0 | CA9: 0.0137 | CB9: 0 | CC9: 0.0861 | CD9: 0.2947 | CE9: 0.3272 | CF9: 0.0296 | CG9: 0.1322 | CH9: 0 | CI9: 0 | CJ9: 0 | CK9: 0 | CL9: 0 | CM9: 0.1628 | CN9: 0 | CO9: 12.2274 | CP9: 30.4432 | CQ9: 31.1431 | CR9: 0.1243 | CS9: 41.8418 | CT9: 16.7633 | CU9: 26.3227 | CV9: 17.1355 | CW9: 3.0384 | CX9: 16.1237 | CY9: 12.1677 | CZ9: 6.3687 | DA9: 10.6768 | DB9: 10.2895 | DC9: 8.9374 | DD9: 5.7189 | DE9: 10.3956 | DF9: 3.7959 | DG9: 11.3618 | DH9: 6.5888 | DI9: 11.559 | DJ9: 3.3395 | DK9: 8.0135 | DL9: 8.6268 | DM9: 1.8433 | DN9: 8.3288 | DO9: 8.5289 | DP9: 4.1081 | DQ9: 3.5807 | DR9: 11.3422 | DS9: 5.336 | DT9: 9.143 | DU9: 4.298 | DV9: 3.7308 | DW9: 10.213 | DX9: 10.8046 | DY9: 0.3814 | DZ9: 6.2094 | EA9: 4.3421 | EB9: 1.9713 | EC9: 2.3238 | ED9: 2.714 | EE9: 2.8651 | EF9: 1.5267 | EG9: 1.7618 | EH9: 2.2514 | EI9: 1.1607 | EJ9: 3.3607 | EK9: 2.0961 | EL9: 0.1551 | EM9: 1.2117 | EN9: 1.4148 | EO9: 1.3236 | EP9: 0.3439 | EQ9: 0.4045 | ER9: 0.2095 | ES9: 0.8668 | ET9: 0.2967 | EU9: 0.3142 | EV9: 0.4119 | EW9: 0.0608 | EX9: 0.132 | EY9: 0.4204 | EZ9: 0.0621 | FA9: 0 | FB9: 0.0679 | FC9: 0 | FD9: 0.0149 | FE9: 0 | FF9: 0.0948 | FG9: 0.349 | FH9: 0.3719 | FI9: 0.0341 | FJ9: 0.1556 | FK9: 0 | FL9: 0 | FM9: 0 | FN9: 0 | FO9: 0 | FP9: 0.2075
A10: N1013 | B10: VWAD | C10: 132 | D10: VWAD.132.4 | G10: 4021.144 | H10: 278.5149 | I10: 874.9805 | J10: 0.7852 | K10: 0.0317 | L10: 12.0005 | M10: 33.5589 | N10: 328.7657 | O10: 497.1979 | P10: 417.2418 | Q10: 580.4393 | R10: 277.8119 | S10: 237.5606 | T10: 176.6227 | U10: 190.716 | V10: 86.9068 | W10: 137.4172 | X10: 85.2611 | Y10: 60.1336 | Z10: 67.8099 | AA10: 69.1235 | AB10: 56.1509 | AC10: 37.4992 | AD10: 42.1048 | AE10: 33.8439 | AF10: 42.4206 | AG10: 16.5781 | AH10: 33.4005 | AI10: 40.5605 | AJ10: 29.2172 | AK10: 38.5226 | AL10: 20.1287 | AM10: 27.2288 | AN10: 32.4135 | AO10: 29.4003 | AP10: 24.5843 | AQ10: 29.5993 | AR10: 28.0961 | AS10: 20.7354 | AT10: 33.1793 | AU10: 30.0713 | AV10: 15.5314 | AW10: 18.3322 | AX10: 15.5876 | AY10: 8.1567 | AZ10: 10.463 | BA10: 5.9363 | BB10: 10.2449 | BC10: 7.0076 | BD10: 3.6535 | BE10: 3.5681 | BF10: 2.1626 | BG10: 2.1206 | BH10: 1.3056 | BI10: 1.7721 | BJ10: 2.2929 | BK10: 1.3401 | BL10: 0.958 | BM10: 0.8456 | BN10: 0.3252 | BO10: 0.3743 | BP10: 0.2056 | BQ10: 0.4023 | BR10: 0.2554 | BS10: 0.6059 | BT10: 0.0972 | BU10: 0.2332 | BV10: 0.458 | BW10: 0.1597 | BX10: 0.0275 | BY10: 0.2109 | BZ10: 0.0497 | CA10: 0.0596 | CB10: 0.0597 | CC10: 0.0397 | CD10: 0.0338 | CE10: 0.0824 | CF10: 0.393 | CG10: 0.0386 | CH10: 0.0338 | CI10: 0.0069 | CJ10: 0 | CK10: 0 | CL10: 0 | CM10: 0.1644 | CN10: 0.0005 | CO10: 0.3253 | CP10: 1.3484 | CQ10: 18.7914 | CR10: 35.3068 | CS10: 34.9246 | CT10: 58.4189 | CU10: 33.0504 | CV10: 31.6617 | CW10: 25.9192 | CX10: 31.6154 | CY10: 15.7683 | CZ10: 26.9245 | DA10: 18.3901 | DB10: 13.6426 | DC10: 16.4149 | DD10: 17.8576 | DE10: 15.4993 | DF10: 10.9016 | DG10: 12.9093 | DH10: 10.8441 | DI10: 14.3951 | DJ10: 5.9018 | DK10: 12.2619 | DL10: 15.6914 | DM10: 11.7008 | DN10: 16.0583 | DO10: 8.7266 | DP10: 12.1248 | DQ10: 15.0138 | DR10: 14.1569 | DS10: 12.0995 | DT10: 15.0824 | DU10: 14.8112 | DV10: 11.1971 | DW10: 18.4196 | DX10: 17.2659 | DY10: 9.1801 | DZ10: 11.0394 | EA10: 9.6779 | EB10: 5.1986 | EC10: 6.838 | ED10: 3.9417 | EE10: 6.982 | EF10: 4.9131 | EG10: 2.6209 | EH10: 2.6046 | EI10: 1.6087 | EJ10: 1.6134 | EK10: 1.0158 | EL10: 1.405 | EM10: 1.8563 | EN10: 1.1086 | EO10: 0.8035 | EP10: 0.7243 | EQ10: 0.2843 | ER10: 0.3319 | ES10: 0.1853 | ET10: 0.3705 | EU10: 0.2393 | EV10: 0.5767 | EW10: 0.094 | EX10: 0.2298 | EY10: 0.4579 | EZ10: 0.1622 | FA10: 0.0282 | FB10: 0.2203 | FC10: 0.0528 | FD10: 0.0641 | FE10: 0.065 | FF10: 0.044 | FG10: 0.0381 | FH10: 0.0935 | FI10: 0.4538 | FJ10: 0.0453 | FK10: 0.0403 | FL10: 0.0083 | FM10: 0 | FN10: 0 | FO10: 0 | FP10: 0.2518
A11: N1016 | B11: =#N/A -> #N/A | C11: =#N/A -> #N/A | D11: =#N/A -> #N/A | G11: 2435.1772 | H11: 209.2967 | I11: 657.5249 | J11: 0.7793 | K11: 0 | L11: 176.946 | M11: 163.714 | N11: 259.0864 | O11: 182.8252 | P11: 117.212 | Q11: 79.7303 | R11: 75.366 | S11: 51.7665 | T11: 49.3118 | U11: 37.0043 | V11: 37.8611 | W11: 31.9411 | X11: 26.2037 | Y11: 22.6433 | Z11: 23.6778 | AA11: 24.0854 | AB11: 23.1042 | AC11: 24.9109 | AD11: 29.0367 | AE11: 40.5873 | AF11: 42.6566 | AG11: 41.4448 | AH11: 38.7104 | AI11: 34.942 | AJ11: 45.352 | AK11: 53.6739 | AL11: 57.3407 | AM11: 53.6459 | AN11: 54.5856 | AO11: 51.9021 | AP11: 52.836 | AQ11: 56.0088 | AR11: 52.6543 | AS11: 55.2999 | AT11: 46.8208 | AU11: 38.7711 | AV11: 28.7527 | AW11: 26.9802 | AX11: 25.7331 | AY11: 18.5936 | AZ11: 12.7881 | BA11: 13.1397 | BB11: 8.564 | BC11: 7.2034 | BD11: 5.4737 | BE11: 4.7613 | BF11: 3.478 | BG11: 4.4476 | BH11: 3.5391 | BI11: 2.9097 | BJ11: 2.1521 | BK11: 1.5652 | BL11: 1.08 | BM11: 0.8967 | BN11: 1.0041 | BO11: 1.0936 | BP11: 0.7214 | BQ11: 0.8536 | BR11: 0.544 | BS11: 0.6193 | BT11: 0.4338 | BU11: 0.283 | BV11: 0.3938 | BW11: 0.397 | BX11: 0.0846 | BY11: 0.2406 | BZ11: 0.1608 | CA11: 0.2072 | CB11: 0.0783 | CC11: 0.054 | CD11: 0.0551 | CE11: 0.0752 | CF11: 0.2505 | CG11: 0.1274 | CH11: 0.0761 | CI11: 0.1051 | CJ11: 0.0244 | CK11: 0.0201 | CL11: 0.0222 | CM11: 0.1348 | CN11: 0 | CO11: 4.6949 | CP11: 6.3535 | CQ11: 14.2498 | CR11: 12.6941 | CS11: 10.0599 | CT11: 8.1012 | CU11: 8.8855 | CV11: 6.9072 | CW11: 7.3223 | CX11: 6.0976 | CY11: 6.8476 | CZ11: 6.2579 | DA11: 5.5464 | DB11: 5.1525 | DC11: 5.77 | DD11: 6.2365 | DE11: 6.3403 | DF11: 7.2529 | DG11: 8.8973 | DH11: 13.0752 | DI11: 14.4214 | DJ11: 14.6297 | DK11: 14.2873 | DL11: 13.4578 | DM11: 18.1629 | DN11: 22.3651 | DO11: 24.8046 | DP11: 23.9813 | DQ11: 25.2669 | DR11: 24.8633 | DS11: 26.1733 | DT11: 28.5998 | DU11: 27.7013 | DV11: 29.9222 | DW11: 26.1231 | DX11: 22.2306 | DY11: 16.9313 | DZ11: 16.2974 | EA11: 15.9717 | EB11: 11.8375 | EC11: 8.3282 | ED11: 8.7655 | EE11: 5.8405 | EF11: 5.0341 | EG11: 3.9113 | EH11: 3.4699 | EI11: 2.5901 | EJ11: 3.3931 | EK11: 2.7481 | EL11: 2.3038 | EM11: 1.7428 | EN11: 1.2897 | EO11: 0.9061 | EP11: 0.7674 | EQ11: 0.8739 | ER11: 0.9675 | ES11: 0.652 | ET11: 0.7862 | EU11: 0.5085 | EV11: 0.5898 | EW11: 0.4188 | EX11: 0.2779 | EY11: 0.3916 | EZ11: 0.4031 | FA11: 0.0872 | FB11: 0.252 | FC11: 0.1705 | FD11: 0.2234 | FE11: 0.0854 | FF11: 0.0598 | FG11: 0.0617 | FH11: 0.0857 | FI11: 0.2896 | FJ11: 0.1486 | FK11: 0.0902 | FL11: 0.1262 | FM11: 0.0296 | FN11: 0.0248 | FO11: 0.0277 | FP11: 0.174
A12: N1017 | B12: ADVW | C12: 232 | D12: ADVW.232.4 | F12: 3.7361 | G12: 3422.334 | H12: 204.5562 | I12: 642.6322 | J12: 0.6112 | K12: 0 | L12: 485.2995 | M12: 589.9582 | N12: 391.0086 | O12: 0.6957 | P12: 338.5125 | Q12: 114.2993 | R12: 149.1622 | S12: 86.4309 | T12: 17.4238 | U12: 83.9934 | V12: 67.5302 | W12: 42.0356 | X12: 53.1896 | Y12: 41.3924 | Z12: 37.7218 | AA12: 24.8412 | AB12: 43.8007 | AC12: 19.3015 | AD12: 50.2133 | AE12: 29.2568 | AF12: 54.4321 | AG12: 29.9338 | AH12: 45.2461 | AI12: 66.1634 | AJ12: 13.3364 | AK12: 78.2103 | AL12: 71.1495 | AM12: 35.1053 | AN12: 25.4004 | AO12: 55.7075 | AP12: 34.3522 | AQ12: 36.2387 | AR12: 23.244 | AS12: 28.2806 | AT12: 34.2436 | AU12: 29.8976 | AV12: 0.8958 | AW12: 19.6141 | AX12: 13.7233 | AY12: 12.5721 | AZ12: 9.2797 | BA12: 6.4326 | BB12: 10.7757 | BC12: 3.5112 | BD12: 2.6786 | BE12: 2.9133 | BF12: 0.6966 | BG12: 3.0886 | BH12: 1.8481 | BI12: 0.6649 | BJ12: 1.2882 | BK12: 0.8657 | BL12: 1.3453 | BM12: 0.2015 | BN12: 0.1576 | BO12: 0 | BP12: 0.0137 | BQ12: 0 | BR12: 0 | BS12: 0.2083 | BT12: 0.3555 | BU12: 0 | BV12: 0 | BW12: 0 | BX12: 0 | BY12: 0.1559 | BZ12: 0.0629 | CA12: 0 | CB12: 0 | CC12: 0 | CD12: 0 | CE12: 0.1645 | CF12: 0 | CG12: 0 | CH12: 0 | CI12: 0 | CJ12: 0 | CK12: 0 | CL12: 0 | CM12: 0 | CN12: 0 | CO12: 10.4093 | CP12: 25.0797 | CQ12: 23.8707 | CR12: 0.0481 | CS12: 28.1643 | CT12: 11.6092 | CU12: 17.45 | CV12: 12.0048 | CW12: 2.5192 | CX12: 13.6271 | CY12: 12.3351 | CZ12: 8.3457 | DA12: 11.197 | DB12: 9.4106 | DC12: 9.2434 | DD12: 6.366 | DE12: 12.0011 | DF12: 5.5815 | DG12: 15.2766 | DH12: 9.3942 | DI12: 18.4706 | DJ12: 10.6326 | DK12: 16.7377 | DL12: 25.7472 | DM12: 5.3146 | DN12: 32.4858 | DO12: 31.0191 | DP12: 15.936 | DQ12: 11.6789 | DR12: 26.6276 | DS12: 17.0548 | DT12: 18.5566 | DU12: 12.2394 | DV12: 15.1949 | DW12: 19.0506 | DX12: 17.2648 | DY12: 0.5307 | DZ12: 11.7451 | EA12: 8.504 | EB12: 8.037 | EC12: 6.055 | ED12: 4.268 | EE12: 7.3484 | EF12: 2.4594 | EG12: 1.9176 | EH12: 2.1346 | EI12: 0.518 | EJ12: 2.348 | EK12: 1.4433 | EL12: 0.5301 | EM12: 1.0383 | EN12: 0.7161 | EO12: 1.1335 | EP12: 0.1723 | EQ12: 0.1383 | ER12: 0 | ES12: 0.0125 | ET12: 0 | EU12: 0 | EV12: 0.2888 | EW12: 0.3451 | EX12: 0 | EY12: 0 | EZ12: 0 | FA12: 0 | FB12: 0.1617 | FC12: 0.0903 | FD12: 0 | FE12: 0 | FF12: 0 | FG12: 0 | FH12: 0.1868 | FI12: 0 | FJ12: 0 | FK12: 0 | FL12: 0 | FM12: 0 | FN12: 0 | FO12: 0 | FP12: 0
A13: N1019 | B13: ADVW | C13: 290 | D13: ADVW.290.4 | G13: 4310.778 | H13: 204.2557 | I13: 641.688 | J13: 0.48185 | K13: 0.0452 | L13: 484.5817 | M13: 496.6873 | N13: 798.946 | O13: 561.5307 | P13: 344.8129 | Q13: 212.0202 | R13: 179.0519 | S13: 95.2503 | T13: 81.4573 | U13: 66.6244 | V13: 58.3537 | W13: 47.2475 | X13: 49.0332 | Y13: 41.7036 | Z13: 32.9567 | AA13: 35.1936 | AB13: 30.4989 | AC13: 32.6431 | AD13: 32.7051 | AE13: 29.2356 | AF13: 33.1409 | AG13: 35.6725 | AH13: 35.4535 | AI13: 33.5038 | AJ13: 30.4718 | AK13: 38.5387 | AL13: 40.771 | AM13: 37.4577 | AN13: 39.6455 | AO13: 46.9296 | AP13: 37.2984 | AQ13: 33.3911 | AR13: 26.666 | AS13: 22.8749 | AT13: 17.9082 | AU13: 17.9568 | AV13: 12.1366 | AW13: 9.167 | AX13: 8.0799 | AY13: 6.9863 | AZ13: 6.8909 | BA13: 4.2758 | BB13: 3.0199 | BC13: 2.7586 | BD13: 2.6879 | BE13: 3.1548 | BF13: 1.4511 | BG13: 2.0734 | BH13: 1.6598 | BI13: 1.0676 | BJ13: 1.1135 | BK13: 0.5477 | BL13: 0.3809 | BM13: 0.3775 | BN13: 0.284 | BO13: 0.2296 | BP13: 0.1636 | BQ13: 0.0491 | BR13: 0.0999 | BS13: 0.0765 | BT13: 0.0654 | BU13: 0.0829 | BV13: 0.1209 | BW13: 0.0655 | BX13: 0.1531 | BY13: 0 | BZ13: 0.0296 | CA13: 0 | CB13: 0.075 | CC13: 0.0415 | CD13: 0 | CE13: 0 | CF13: 0 | CG13: 0 | CH13: 0 | CI13: 0 | CJ13: 0 | CK13: 0 | CL13: 0 | CM13: 0.1806 | CN13: 0.0006 | CO13: 12.6554 | CP13: 19.6336 | CQ13: 43.9495 | CR13: 38.9695 | CS13: 29.5024 | CT13: 21.5518 | CU13: 21.0158 | CV13: 12.7188 | CW13: 12.1233 | CX13: 10.9779 | CY13: 10.5535 | CZ13: 9.2723 | DA13: 10.3844 | DB13: 9.4898 | DC13: 8.0379 | DD13: 9.1172 | DE13: 8.378 | DF13: 9.4959 | DG13: 10.0162 | DH13: 9.3915 | DI13: 11.199 | DJ13: 12.6104 | DK13: 13.0822 | DL13: 12.9012 | DM13: 12.1907 | DN13: 16.0476 | DO13: 17.6329 | DP13: 16.7726 | DQ13: 18.3568 | DR13: 22.4796 | DS13: 18.4563 | DT13: 17.0733 | DU13: 14.0155 | DV13: 12.3835 | DW13: 9.9768 | DX13: 10.2944 | DY13: 7.1454 | DZ13: 5.5394 | EA13: 5.0115 | EB13: 4.4492 | EC13: 4.4906 | ED13: 2.8538 | EE13: 2.0614 | EF13: 1.9281 | EG13: 1.9179 | EH13: 2.2996 | EI13: 1.0832 | EJ13: 1.5811 | EK13: 1.2913 | EL13: 0.8474 | EM13: 0.8988 | EN13: 0.4508 | EO13: 0.3183 | EP13: 0.323 | EQ13: 0.2464 | ER13: 0.2026 | ES13: 0.1483 | ET13: 0.0452 | EU13: 0.0937 | EV13: 0.0731 | EW13: 0.0628 | EX13: 0.081 | EY13: 0.1209 | EZ13: 0.0661 | FA13: 0.1577 | FB13: 0 | FC13: 0.0315 | FD13: 0 | FE13: 0.0813 | FF13: 0.0458 | FG13: 0 | FH13: 0 | FI13: 0 | FJ13: 0 | FK13: 0 | FL13: 0 | FM13: 0 | FN13: 0 | FO13: 0 | FP13: 0.2365
A14: N1020 | B14: VWAD | C14: 71 | D14: VWAD.71.4 | G14: 2770.7851 | H14: 179.4354 | I14: 563.7129 | J14: 0.6406 | K14: 0.0231 | L14: 312.4906 | M14: 304.5197 | N14: 372.789 | O14: 279.5538 | P14: 187.9168 | Q14: 112.1812 | R14: 112.7161 | S14: 61.8261 | T14: 55.6948 | U14: 43.2795 | V14: 42.0038 | W14: 41.4886 | X14: 47.443 | Y14: 36.3575 | Z14: 33.1078 | AA14: 26.1974 | AB14: 27.7842 | AC14: 28.5826 | AD14: 23.3459 | AE14: 25.3366 | AF14: 17.5555 | AG14: 16.3311 | AH14: 15.9775 | AI14: 15.7845 | AJ14: 16.8689 | AK14: 22.193 | AL14: 22.9739 | AM14: 23.8427 | AN14: 21.5964 | AO14: 25.3808 | AP14: 26.9178 | AQ14: 23.2278 | AR14: 27.1303 | AS14: 31.3453 | AT14: 32.5353 | AU14: 29.4322 | AV14: 24.7366 | AW14: 26.0718 | AX14: 22.6104 | AY14: 25.2651 | AZ14: 19.3839 | BA14: 18.0497 | BB14: 14.632 | BC14: 15.2192 | BD14: 15.9583 | BE14: 8.4801 | BF14: 7.7875 | BG14: 8.0727 | BH14: 3.9867 | BI14: 2.1008 | BJ14: 2.5797 | BK14: 1.8654 | BL14: 2.121 | BM14: 1.1713 | BN14: 1.3854 | BO14: 0.8517 | BP14: 1.0952 | BQ14: 0.1489 | BR14: 0.1706 | BS14: 0.3981 | BT14: 0.0856 | BU14: 0.2576 | BV14: 0.159 | BW14: 0.038 | BX14: 0.0872 | BY14: 0.0296 | BZ14: 0.0518 | CA14: 0 | CB14: 0.284 | CC14: 0 | CD14: 0 | CE14: 0 | CF14: 0 | CG14: 0.065 | CH14: 0.0475 | CI14: 0 | CJ14: 0.1077 | CK14: 0 | CL14: 0 | CM14: 0.0586 | CN14: 0.0002 | CO14: 8.0391 | CP14: 12.0462 | CQ14: 20.5282 | CR14: 19.4624 | CS14: 16.096 | CT14: 11.4342 | CU14: 13.2301 | CV14: 8.2462 | CW14: 8.3012 | CX14: 7.1099 | CY14: 7.6157 | CZ14: 8.1277 | DA14: 10.0803 | DB14: 8.2695 | DC14: 8.0668 | DD14: 6.7805 | DE14: 7.6329 | DF14: 8.3114 | DG14: 7.1481 | DH14: 8.1535 | DI14: 5.9329 | DJ14: 5.7579 | DK14: 5.8983 | DL14: 6.0827 | DM14: 6.7628 | DN14: 9.2555 | DO14: 9.9381 | DP14: 10.6572 | DQ14: 9.9877 | DR14: 12.1554 | DS14: 13.3331 | DT14: 11.8657 | DU14: 14.3033 | DV14: 16.9822 | DW14: 18.1267 | DX14: 16.8918 | DY14: 14.5589 | DZ14: 15.7665 | EA14: 14.0129 | EB14: 16.0996 | EC14: 12.6247 | ED14: 12.0416 | EE14: 9.9891 | EF14: 10.6417 | EG14: 11.4109 | EH14: 6.1861 | EI14: 5.8087 | EJ14: 6.1382 | EK14: 3.0999 | EL14: 1.6637 | EM14: 2.0877 | EN14: 1.5344 | EO14: 1.7817 | EP14: 1.0012 | EQ14: 1.2053 | ER14: 0.7533 | ES14: 0.9894 | ET14: 0.1361 | EU14: 0.1588 | EV14: 0.3794 | EW14: 0.0822 | EX14: 0.2537 | EY14: 0.1586 | EZ14: 0.0385 | FA14: 0.0901 | FB14: 0.0307 | FC14: 0.0553 | FD14: 0 | FE14: 0.3095 | FF14: 0 | FG14: 0 | FH14: 0 | FI14: 0 | FJ14: 0.0764 | FK14: 0.0565 | FL14: 0 | FM14: 0.1307 | FN14: 0 | FO14: 0 | FP14: 0.0772
A15: N1102 | B15: F0 | C15: AP13 | D15: F0.AP13 | G15: 1936.9365 | H15: 221.9747 | I15: 697.3541 | J15: 1.1499 | K15: 0.1111 | L15: 14.6172 | M15: 21.2723 | N15: 64.4091 | O15: 76.2393 | P15: 81.9768 | Q15: 135.345 | R15: 84.3346 | S15: 83.1017 | T15: 75.0063 | U15: 95.3265 | V15: 43.1979 | W15: 79.5887 | X15: 59.0014 | Y15: 41.1745 | Z15: 46.0106 | AA15: 55.0691 | AB15: 54.1168 | AC15: 35.3027 | AD15: 43.0124 | AE15: 34.3551 | AF15: 39.1824 | AG15: 19.4447 | AH15: 28.3776 | AI15: 37.2003 | AJ15: 18.9553 | AK15: 26.2478 | AL15: 19.3617 | AM15: 17.6934 | AN15: 20.9927 | AO15: 23.1037 | AP15: 20.2925 | AQ15: 24.097 | AR15: 23.6183 | AS15: 20.497 | AT15: 31.1848 | AU15: 26.2489 | AV15: 17.1938 | AW15: 17.3005 | AX15: 30.7346 | AY15: 15.664 | AZ15: 23.6084 | BA15: 12.3272 | BB15: 23.6688 | BC15: 21.1518 | BD15: 17.4353 | BE15: 15.7968 | BF15: 12.0135 | BG15: 13.4834 | BH15: 12.5614 | BI15: 9.7666 | BJ15: 8.2835 | BK15: 9.9612 | BL15: 6.6415 | BM15: 7.7735 | BN15: 4.6185 | BO15: 6.1699 | BP15: 3.4341 | BQ15: 3.3476 | BR15: 1.6911 | BS15: 4.2024 | BT15: 1.9494 | BU15: 1.6976 | BV15: 2.5058 | BW15: 2.2714 | BX15: 1.0738 | BY15: 0.7039 | BZ15: 1.0512 | CA15: 0.9743 | CB15: 0.1798 | CC15: 1.0646 | CD15: 1.0619 | CE15: 0.7733 | CF15: 0.4024 | CG15: 0.2141 | CH15: 0.2869 | CI15: 0.2394 | CJ15: 0.376 | CK15: 0.2015 | CL15: 0.1396 | CM15: 1.8728 | CN15: 0.0014 | CO15: 0.386 | CP15: 0.8384 | CQ15: 3.6098 | CR15: 5.5074 | CS15: 7.0401 | CT15: 13.6984 | CU15: 10.0183 | CV15: 11.0685 | CW15: 11.0038 | CX15: 15.8374 | CY15: 7.8604 | CZ15: 15.5588 | DA15: 12.7238 | DB15: 9.366 | DC15: 11.1455 | DD15: 14.2096 | DE15: 14.944 | DF15: 10.2551 | DG15: 13.1465 | DH15: 10.9965 | DI15: 13.2763 | DJ15: 6.9553 | DK15: 10.4216 | DL15: 14.3725 | DM15: 7.5821 | DN15: 10.9321 | DO15: 8.3908 | DP15: 7.8802 | DQ15: 9.721 | DR15: 11.1124 | DS15: 10.0255 | DT15: 12.274 | DU15: 12.423 | DV15: 11.0803 | DW15: 17.3302 | DX15: 15.0738 | DY15: 10.1642 | DZ15: 10.414 | EA15: 19.0717 | EB15: 9.9845 | EC15: 15.4172 | ED15: 8.1876 | EE15: 16.1154 | EF15: 14.8285 | EG15: 12.5095 | EH15: 11.5454 | EI15: 8.9463 | EJ15: 10.247 | EK15: 9.7758 | EL15: 7.7406 | EM15: 6.6841 | EN15: 8.2057 | EO15: 5.5977 | EP15: 6.6433 | EQ15: 4.0336 | ER15: 5.4761 | ES15: 3.0959 | ET15: 3.0704 | EU15: 1.5782 | EV15: 3.9976 | EW15: 1.8847 | EX15: 1.6631 | EY15: 2.4932 | EZ15: 2.3049 | FA15: 1.1048 | FB15: 0.7336 | FC15: 1.1132 | FD15: 1.0494 | FE15: 0.1961 | FF15: 1.179 | FG15: 1.1922 | FH15: 0.8799 | FI15: 0.4645 | FJ15: 0.2499 | FK15: 0.3417 | FL15: 0.2871 | FM15: 0.4562 | FN15: 0.2484 | FO15: 0.1741 | FP15: 2.6327
A16: N1105 | B16: VWAD | C16: 173 | D16: VWAD.173.4 | G16: 2853.9117 | H16: 183.6711 | I16: 577.0201 | J16: 0.64085 | K16: 0.3333 | L16: 277.8748 | M16: 244.3544 | N16: 331.4877 | O16: 262.089 | P16: 203.1456 | Q16: 135.3996 | R16: 133.1445 | S16: 72.0833 | T16: 67.4669 | U16: 59.2963 | V16: 52.2908 | W16: 52.4905 | X16: 58.0822 | Y16: 41.7002 | Z16: 36.8732 | AA16: 35.0804 | AB16: 34.8231 | AC16: 35.312 | AD16: 43.762 | AE16: 43.0889 | AF16: 40.1231 | AG16: 36.0593 | AH16: 38.4774 | AI16: 34.6663 | AJ16: 44.9116 | AK16: 52.8974 | AL16: 42.6397 | AM16: 40.5937 | AN16: 31.9209 | AO16: 33.0601 | AP16: 30.0263 | AQ16: 30.9809 | AR16: 27.5736 | AS16: 29.963 | AT16: 24.1971 | AU16: 17.5836 | AV16: 12.9289 | AW16: 9.6201 | AX16: 8.2776 | AY16: 6.2956 | AZ16: 4.5594 | BA16: 2.8942 | BB16: 2.738 | BC16: 4.4536 | BD16: 3.1678 | BE16: 1.5421 | BF16: 2.0483 | BG16: 1.4462 | BH16: 0.611 | BI16: 1.8116 | BJ16: 2.1671 | BK16: 1.9422 | BL16: 0.8607 | BM16: 1.0915 | BN16: 0.9018 | BO16: 0.811 | BP16: 1.1046 | BQ16: 0.3908 | BR16: 0.5199 | BS16: 0.5838 | BT16: 0.7679 | BU16: 0.7359 | BV16: 0.1014 | BW16: 0.2962 | BX16: 0.3567 | BY16: 0.4666 | BZ16: 0.0322 | CA16: 0.2254 | CB16: 0.1019 | CC16: 0.226 | CD16: 0.0127 | CE16: 0.2191 | CF16: 0.0069 | CG16: 0.0745 | CH16: 0 | CI16: 0 | CJ16: 0.0654 | CK16: 0 | CL16: 0 | CM16: 0.436 | CN16: 0.004 | CO16: 7.2747 | CP16: 9.4987 | CQ16: 18.2512 | CR16: 18.267 | CS16: 17.4436 | CT16: 13.7802 | CU16: 15.6895 | CV16: 9.6086 | CW16: 10.0394 | CX16: 9.7641 | CY16: 9.4429 | CZ16: 10.3068 | DA16: 12.2965 | DB16: 9.5007 | DC16: 8.9824 | DD16: 9.0888 | DE16: 9.5622 | DF16: 10.2716 | DG16: 13.3916 | DH16: 13.8651 | DI16: 13.5533 | DJ16: 12.7214 | DK16: 14.2023 | DL16: 13.3652 | DM16: 17.9737 | DN16: 21.9888 | DO16: 18.4372 | DP16: 18.1584 | DQ16: 14.7595 | DR16: 15.8377 | DS16: 14.8578 | DT16: 15.8298 | DU16: 14.499 | DV16: 16.2045 | DW16: 13.4794 | DX16: 10.0826 | DY16: 7.602 | DZ16: 5.8142 | EA16: 5.1326 | EB16: 4.01 | EC16: 2.9667 | ED16: 1.9301 | EE16: 1.8731 | EF16: 3.1161 | EG16: 2.2661 | EH16: 1.1257 | EI16: 1.5299 | EJ16: 1.1011 | EK16: 0.4743 | EL16: 1.4348 | EM16: 1.7609 | EN16: 1.6031 | EO16: 0.7225 | EP16: 0.9351 | EQ16: 0.7844 | ER16: 0.7205 | ES16: 0.9965 | ET16: 0.3591 | EU16: 0.487 | EV16: 0.5762 | EW16: 0.7378 | EX16: 0.7228 | EY16: 0.1011 | EZ16: 0.3005 | FA16: 0.3668 | FB16: 0.4882 | FC16: 0.086 | FD16: 0.2424 | FE16: 0.1113 | FF16: 0.2515 | FG16: 0.0142 | FH16: 0.2482 | FI16: 0.0079 | FJ16: 0.0872 | FK16: 0 | FL16: 0 | FM16: 0.0792 | FN16: 0 | FO16: 0 | FP16: 0.6052
A17: N1106 | B17: ADVW | C17: 326 | D17: ADVW.326.4 | G17: 1432.7978 | H17: 87.9623 | I17: 276.3416 | J17: 0.63865 | K17: 0.0132 | L17: 137.9676 | M17: 122.5248 | N17: 180.9776 | O17: 125.4455 | P17: 95.14 | Q17: 57.5843 | R17: 62.1727 | S17: 32.4983 | T17: 29.3895 | U17: 38.4482 | V17: 39.9031 | W17: 33.2372 | X17: 33.0835 | Y17: 31.6703 | Z17: 25.4185 | AA17: 26.1884 | AB17: 21.8387 | AC17: 15.0976 | AD17: 14.1428 | AE17: 13.2273 | AF17: 13.4095 | AG17: 14.177 | AH17: 18.6342 | AI17: 13.8779 | AJ17: 14.5551 | AK17: 17.6194 | AL17: 21.5923 | AM17: 23.3763 | AN17: 19.4957 | AO17: 20.0917 | AP17: 15.2659 | AQ17: 18.352 | AR17: 18.5165 | AS17: 16.9148 | AT17: 14.632 | AU17: 11.9654 | AV17: 7.51 | AW17: 3.0939 | AX17: 3.5474 | AY17: 2.5207 | AZ17: 2.561 | BA17: 0.923 | BB17: 0.8547 | BC17: 0.4767 | BD17: 0.454 | BE17: 0.5269 | BF17: 0.343 | BG17: 0.2851 | BH17: 0.0739 | BI17: 0 | BJ17: 0 | BK17: 0 | BL17: 0.0697 | BM17: 0 | BN17: 0 | BO17: 0.0967 | BP17: 0.0137 | BQ17: 0.067 | BR17: 0.0428 | BS17: 0 | BT17: 0 | BU17: 0 | BV17: 0 | BW17: 0 | BX17: 0 | BY17: 0 | BZ17: 0 | CA17: 0 | CB17: 0 | CC17: 0 | CD17: 0 | CE17: 0 | CF17: 0 | CG17: 0 | CH17: 0 | CI17: 0 | CJ17: 0 | CK17: 0 | CL17: 0 | CM17: 0 | CN17: 0.0002 | CO17: 3.5946 | CP17: 4.7748 | CQ17: 9.9437 | CR17: 8.7465 | CS17: 8.1632 | CT17: 5.88 | CU17: 7.3117 | CV17: 4.3386 | CW17: 4.3779 | CX17: 6.346 | CY17: 7.2363 | CZ17: 6.5092 | DA17: 7.0083 | DB17: 7.2066 | DC17: 6.1939 | DD17: 6.7782 | DE17: 5.9908 | DF17: 4.3861 | DG17: 4.3391 | DH17: 4.2621 | DI17: 4.5364 | DJ17: 5.0096 | DK17: 6.8802 | DL17: 5.3486 | DM17: 5.8172 | DN17: 7.327 | DO17: 9.3449 | DP17: 10.4588 | DQ17: 9.0232 | DR17: 9.6198 | DS17: 7.5579 | DT17: 9.3716 | DU17: 9.7343 | DV17: 9.1666 | DW17: 8.1594 | DX17: 6.8645 | DY17: 4.4214 | DZ17: 1.87 | EA17: 2.1992 | EB17: 1.6043 | EC17: 1.6702 | ED17: 0.6161 | EE17: 0.5834 | EF17: 0.3339 | EG17: 0.3243 | EH17: 0.3863 | EI17: 0.2554 | EJ17: 0.2174 | EK17: 0.0569 | EL17: 0 | EM17: 0 | EN17: 0 | EO17: 0.0588 | EP17: 0 | EQ17: 0 | ER17: 0.0856 | ES17: 0.0125 | ET17: 0.0619 | EU17: 0.0401 | EV17: 0 | EW17: 0 | EX17: 0 | EY17: 0 | EZ17: 0 | FA17: 0 | FB17: 0 | FC17: 0 | FD17: 0 | FE17: 0 | FF17: 0 | FG17: 0 | FH17: 0 | FI17: 0 | FJ17: 0 | FK17: 0 | FL17: 0 | FM17: 0 | FN17: 0 | FO17: 0 | FP17: 0
A18: N1107 | B18: VWAD | C18: 195 | D18: VWAD.195.4 | F18: =VLOOKUP(A18,[1]ROOT!$A$1:$C$1048576,3,0) -> #N/A | G18: 3568.3422 | H18: 239.3569 | I18: 751.9622 | J18: 0.68465 | K18: 0 | L18: 689.2497 | M18: 584.9755 | N18: 304.6522 | O18: 1.0178 | P18: 254.4023 | Q18: 99.1215 | R18: 152.7796 | S18: 71.5409 | T18: 13.2381 | U18: 65.7657 | V18: 64.2842 | W18: 37.4636 | X18: 54.8554 | Y18: 44.5093 | Z18: 35.5828 | AA18: 25.8183 | AB18: 53.3088 | AC18: 19.5097 | AD18: 58.4689 | AE18: 38.2414 | AF18: 69.8889 | AG18: 17.4656 | AH18: 50.3849 | AI18: 57.4397 | AJ18: 10.0486 | AK18: 76.0175 | AL18: 75.9694 | AM18: 35.2564 | AN18: 28.6496 | AO18: 78.6409 | AP18: 34.7549 | AQ18: 57.9263 | AR18: 40.247 | AS18: 28.6606 | AT18: 48.8504 | AU18: 32.744 | AV18: 5.054 | AW18: 20.8174 | AX18: 23.7059 | AY18: 8.5214 | AZ18: 9.2777 | BA18: 12.6906 | BB18: 9.7838 | BC18: 6.3787 | BD18: 6.2933 | BE18: 5.376 | BF18: 1.6518 | BG18: 6.7104 | BH18: 5.2293 | BI18: 0.9315 | BJ18: 4.1208 | BK18: 4.4339 | BL18: 3.0122 | BM18: 1.5192 | BN18: 3.1115 | BO18: 0.4744 | BP18: 2.5174 | BQ18: 1.6056 | BR18: 1.1737 | BS18: 2.2319 | BT18: 1.2755 | BU18: 0.1523 | BV18: 0.8202 | BW18: 1.5174 | BX18: 0.4542 | BY18: 0.3799 | BZ18: 0.4615 | CA18: 0.5496 | CB18: 0.146 | CC18: 0.3245 | CD18: 0.3327 | CE18: 0.1026 | CF18: 0.2914 | CG18: 0.0396 | CH18: 0 | CI18: 0.3605 | CJ18: 0.629 | CK18: 0.5013 | CL18: 0.009 | CM18: 0.6672 | CN18: 0 | CO18: 14.7262 | CP18: 24.7477 | CQ18: 18.6013 | CR18: 0.0704 | CS18: 21.202 | CT18: 10.0814 | CU18: 17.836 | CV18: 9.9308 | CW18: 1.9141 | CX18: 10.6991 | CY18: 11.7616 | CZ18: 7.4431 | DA18: 11.5071 | DB18: 10.1181 | DC18: 8.7383 | DD18: 6.5942 | DE18: 14.6032 | DF18: 5.6417 | DG18: 17.7802 | DH18: 12.3116 | DI18: 23.8471 | DJ18: 6.1965 | DK18: 18.6065 | DL18: 22.3916 | DM18: 3.9961 | DN18: 31.5968 | DO18: 33.1224 | DP18: 15.9937 | DQ18: 13.1869 | DR18: 37.6594 | DS18: 17.2538 | DT18: 29.5637 | DU18: 21.2442 | DV18: 15.3922 | DW18: 27.1316 | DX18: 18.8851 | DY18: 2.9946 | DZ18: 12.4668 | EA18: 14.7063 | EB18: 5.449 | EC18: 6.0238 | ED18: 8.4434 | EE18: 6.7051 | EF18: 4.4841 | EG18: 4.5046 | EH18: 3.9464 | EI18: 1.2283 | EJ18: 5.1072 | EK18: 4.0909 | EL18: 0.7415 | EM18: 3.321 | EN18: 3.6569 | EO18: 2.5477 | EP18: 1.2968 | EQ18: 2.7134 | ER18: 0.4213 | ES18: 2.2722 | ET18: 1.4785 | EU18: 1.0938 | EV18: 2.1126 | EW18: 1.2343 | EX18: 0.1501 | EY18: 0.8127 | EZ18: 1.5375 | FA18: 0.4697 | FB18: 0.3963 | FC18: 0.4871 | FD18: 0.5914 | FE18: 0.1599 | FF18: 0.3571 | FG18: 0.3739 | FH18: 0.1165 | FI18: 0.3361 | FJ18: 0.0466 | FK18: 0 | FL18: 0.4318 | FM18: 0.7666 | FN18: 0.6212 | FO18: 0.0112 | FP18: 0.8756
A19: N1108 | B19: ADVW | C19: 341 | D19: ADVW.341.4 | G19: 2836.5166 | H19: 224.4443 | I19: 705.1126 | J19: 0.7667 | K19: 0 | L19: 9.1309 | M19: 23.3795 | N19: 176.6801 | O19: 265.8885 | P19: 244.3117 | Q19: 379.5237 | R19: 193.4951 | S19: 164.1864 | T19: 135.9026 | U19: 166.7925 | V19: 59.7637 | W19: 95.0247 | X19: 51.5887 | Y19: 30.67 | Z19: 41.9859 | AA19: 48.256 | AB19: 43.3102 | AC19: 33.7183 | AD19: 38.0772 | AE19: 33.964 | AF19: 46.0386 | AG19: 18.8388 | AH19: 32.1772 | AI19: 39.3277 | AJ19: 21.982 | AK19: 36.6112 | AL19: 23.2751 | AM19: 26.6894 | AN19: 32.2086 | AO19: 33.1165 | AP19: 28.6571 | AQ19: 28.6995 | AR19: 32.9507 | AS19: 27.1902 | AT19: 30.1438 | AU19: 24.3269 | AV19: 11.4459 | AW19: 14.9623 | AX19: 18.1795 | AY19: 13.1754 | AZ19: 10.4581 | BA19: 7.5975 | BB19: 8.7827 | BC19: 8.7417 | BD19: 7.5272 | BE19: 2.6291 | BF19: 2.663 | BG19: 2.3858 | BH19: 3.4527 | BI19: 1.2597 | BJ19: 1.2229 | BK19: 0.4721 | BL19: 0.1972 | BM19: 0.4921 | BN19: 0.2475 | BO19: 0.1062 | BP19: 0.1925 | BQ19: 0.4061 | BR19: 0.0825 | BS19: 0.2776 | BT19: 0.2489 | BU19: 0.0539 | BV19: 0.0227 | BW19: 0 | BX19: 0.0063 | BY19: 0.1402 | BZ19: 0.0063 | CA19: 0.0063 | CB19: 0.0132 | CC19: 0 | CD19: 0 | CE19: 0 | CF19: 0 | CG19: 0 | CH19: 0 | CI19: 0 | CJ19: 0 | CK19: 0 | CL19: 0 | CM19: 0 | CN19: 0 | CO19: 0.2506 | CP19: 0.9316 | CQ19: 10.0664 | CR19: 18.9866 | CS19: 20.5318 | CT19: 38.1829 | CU19: 23.0268 | CV19: 21.884 | CW19: 19.9363 | CX19: 27.6894 | CY19: 10.8489 | CZ19: 18.6007 | DA19: 11.1338 | DB19: 6.9534 | DC19: 10.1467 | DD19: 12.47 | DE19: 11.9703 | DF19: 9.7958 | DG19: 11.6769 | DH19: 10.8777 | DI19: 15.6147 | DJ19: 6.7249 | DK19: 11.817 | DL19: 15.2069 | DM19: 8.7901 | DN19: 15.264 | DO19: 10.1005 | DP19: 11.8972 | DQ19: 14.908 | DR19: 15.9157 | DS19: 14.1387 | DT19: 14.6209 | DU19: 17.3456 | DV19: 14.687 | DW19: 16.7485 | DX19: 13.9759 | DY19: 6.7649 | DZ19: 9.0103 | EA19: 11.2876 | EB19: 8.4004 | EC19: 6.8361 | ED19: 5.0409 | EE19: 5.9837 | EF19: 6.1296 | EG19: 5.3945 | EH19: 1.9222 | EI19: 1.9769 | EJ19: 1.8102 | EK19: 2.6906 | EL19: 0.9961 | EM19: 0.987 | EN19: 0.3895 | EO19: 0.1663 | EP19: 0.4204 | EQ19: 0.2165 | ER19: 0.0942 | ES19: 0.1733 | ET19: 0.3715 | EU19: 0.077 | EV19: 0.264 | EW19: 0.2397 | EX19: 0.0526 | EY19: 0.0226 | EZ19: 0 | FA19: 0.0066 | FB19: 0.1457 | FC19: 0.0067 | FD19: 0.0068 | FE19: 0.0145 | FF19: 0 | FG19: 0 | FH19: 0 | FI19: 0 | FJ19: 0 | FK19: 0 | FL19: 0 | FM19: 0 | FN19: 0 | FO19: 0 | FP19: 0
A20: N1109 | B20: VWAD | C20: 74 | D20: VWAD.74.4 | F20: 6.1796 | G20: 4227.4407 | H20: 303.512 | I20: 953.5112 | J20: 0.67636667 | K20: 0 | L20: 417.6501 | M20: 548.6158 | N20: 413.5807 | O20: 0.5677 | P20: 405.4525 | Q20: 177.8207 | R20: 239.5526 | S20: 143.4042 | T20: 30.0475 | U20: 150.4879 | V20: 115.0662 | W20: 66.3746 | X20: 82.2972 | Y20: 51.9768 | Z20: 57.8966 | AA20: 33.5293 | AB20: 67.6852 | AC20: 29.3997 | AD20: 66.6973 | AE20: 37.6349 | AF20: 70.2034 | AG20: 33.9251 | AH20: 47.4581 | AI20: 59.2901 | AJ20: 18.8667 | AK20: 71.7561 | AL20: 70.2863 | AM20: 38.463 | AN20: 25.6684 | AO20: 54.0019 | AP20: 40.9459 | AQ20: 43.8252 | AR20: 29.3679 | AS20: 45.5843 | AT20: 62.9172 | AU20: 56.878 | AV20: 1.5013 | AW20: 52.532 | AX20: 50.6574 | AY20: 32.6167 | AZ20: 20.4067 | BA20: 14.3565 | BB20: 27.1874 | BC20: 22.32 | BD20: 12.8134 | BE20: 21.9683 | BF20: 6.9992 | BG20: 13.2146 | BH20: 9.8574 | BI20: 3.7965 | BJ20: 2.956 | BK20: 6.2526 | BL20: 5.548 | BM20: 1.9982 | BN20: 2.5976 | BO20: 0.697 | BP20: 2.2633 | BQ20: 1.2814 | BR20: 1.2386 | BS20: 0.688 | BT20: 0.2068 | BU20: 0.5282 | BV20: 0.1439 | BW20: 0.9282 | BX20: 0.0926 | BY20: 0.1058 | BZ20: 0.2407 | CA20: 0.1375 | CB20: 0.0064 | CC20: 0.0159 | CD20: 0.2443 | CE20: 0.0069 | CF20: 0.3353 | CG20: 0.0772 | CH20: 0.0206 | CI20: 0.0681 | CJ20: 0.0296 | CK20: 0.0201 | CL20: 0.0201 | CM20: 0.0449 | CN20: 0 | CO20: 8.9809 | CP20: 23.2919 | CQ20: 25.2614 | CR20: 0.0392 | CS20: 33.7664 | CT20: 18.0422 | CU20: 28.0489 | CV20: 19.916 | CW20: 4.3444 | CX20: 24.3801 | CY20: 21.0034 | CZ20: 13.1872 | DA20: 17.3486 | DB20: 11.8144 | DC20: 14.1865 | DD20: 8.6109 | DE20: 18.5343 | DF20: 8.5015 | DG20: 20.2873 | DH20: 12.0776 | DI20: 23.7607 | DJ20: 12.0445 | DK20: 17.5508 | DL20: 23.0744 | DM20: 7.5179 | DN20: 29.8044 | DO20: 30.6265 | DP20: 17.4674 | DQ20: 11.7964 | DR20: 25.7909 | DS20: 20.3371 | DT20: 22.5224 | DU20: 15.4047 | DV20: 24.5019 | DW20: 35.0413 | DX20: 32.8644 | DY20: 0.8896 | DZ20: 31.4536 | EA20: 31.3725 | EB20: 20.8462 | EC20: 13.367 | ED20: 9.5188 | EE20: 18.5159 | EF20: 15.631 | EG20: 9.1943 | EH20: 16.0769 | EI20: 5.2045 | EJ20: 10.0487 | EK20: 7.6986 | EL20: 3.0252 | EM20: 2.3817 | EN20: 5.1351 | EO20: 4.6722 | EP20: 1.7111 | EQ20: 2.2621 | ER20: 0.6191 | ES20: 2.0372 | ET20: 1.1769 | EU20: 1.1565 | EV20: 0.6524 | EW20: 0.2002 | EX20: 0.5188 | EY20: 0.1432 | EZ20: 0.9407 | FA20: 0.0957 | FB20: 0.1098 | FC20: 0.2544 | FD20: 0.1481 | FE20: 0.007 | FF20: 0.0175 | FG20: 0.273 | FH20: 0.0078 | FI20: 0.3871 | FJ20: 0.0908 | FK20: 0.0244 | FL20: 0.0817 | FM20: 0.036 | FN20: 0.0249 | FO20: 0.025 | FP20: 0.0567
A21: N1111 | B21: F0 | C21: VS16 | D21: F0.VS16 | G21: 5380.7057 | H21: 273.2422 | I21: 858.4157 | J21: 0.547725 | K21: 0.0127 | L21: 658.1154 | M21: 709.6122 | N21: 607.9467 | O21: 280.5529 | P21: 658.0558 | Q21: 365.1462 | R21: 283.197 | S21: 164.3805 | T21: 81.3846 | U21: 168.498 | V21: 104.0283 | W21: 96.234 | X21: 105.5116 | Y21: 79.8183 | Z21: 76.2825 | AA21: 67.7118 | AB21: 101.1873 | AC21: 52.2369 | AD21: 88.843 | AE21: 59.3657 | AF21: 94.1234 | AG21: 39.2758 | AH21: 61.0186 | AI21: 72.1518 | AJ21: 22.1807 | AK21: 56.7558 | AL21: 37.6854 | AM21: 33.2501 | AN21: 25.8585 | AO21: 32.3457 | AP21: 18.4862 | AQ21: 17.8941 | AR21: 10.4798 | AS21: 7.2437 | AT21: 7.3861 | AU21: 6.1678 | AV21: 2.9392 | AW21: 3.7921 | AX21: 4.4459 | AY21: 1.8119 | AZ21: 1.6821 | BA21: 1.9696 | BB21: 2.377 | BC21: 1.564 | BD21: 0.8057 | BE21: 1.1071 | BF21: 0.3911 | BG21: 0.7466 | BH21: 0.3926 | BI21: 0.3341 | BJ21: 0.2548 | BK21: 0.8843 | BL21: 0.1247 | BM21: 0.3468 | BN21: 0.1105 | BO21: 0 | BP21: 0 | BQ21: 0.0385 | BR21: 0.1009 | BS21: 0.1016 | BT21: 0.087 | BU21: 0.1295 | BV21: 0.0201 | BW21: 0.0407 | BX21: 0.0206 | BY21: 0.2662 | BZ21: 0.0248 | CA21: 0.0296 | CB21: 0 | CC21: 0.1359 | CD21: 0 | CE21: 0.064 | CF21: 0.0248 | CG21: 0 | CH21: 0 | CI21: 0.0227 | CJ21: 0 | CK21: 0 | CL21: 0 | CM21: 0.0333 | CN21: 0.0002 | CO21: 14.1819 | CP21: 29.9942 | CQ21: 36.4716 | CR21: 20.3115 | CS21: 55.3222 | CT21: 36.8678 | CU21: 33.2788 | CV21: 22.4089 | CW21: 11.9071 | CX21: 27.6422 | CY21: 18.9916 | CZ21: 18.9513 | DA21: 22.4132 | DB21: 18.1422 | DC21: 18.6125 | DD21: 17.4273 | DE21: 27.7455 | DF21: 15.1361 | DG21: 27.1052 | DH21: 19.0453 | DI21: 31.9186 | DJ21: 13.9672 | DK21: 22.4841 | DL21: 27.988 | DM21: 8.8593 | DN21: 23.5834 | DO21: 16.374 | DP21: 14.9123 | DQ21: 11.9474 | DR21: 15.5197 | DS21: 9.1535 | DT21: 9.1268 | DU21: 5.5083 | DV21: 3.9009 | DW21: 4.1097 | DX21: 3.5532 | DY21: 1.7344 | DZ21: 2.2781 | EA21: 2.7641 | EB21: 1.1556 | EC21: 1.098 | ED21: 1.309 | EE21: 1.6194 | EF21: 1.0957 | EG21: 0.5789 | EH21: 0.809 | EI21: 0.2913 | EJ21: 0.5692 | EK21: 0.3061 | EL21: 0.2647 | EM21: 0.2057 | EN21: 0.7313 | EO21: 0.1049 | EP21: 0.2968 | EQ21: 0.0967 | ER21: 0 | ES21: 0 | ET21: 0.0439 | EU21: 0.0947 | EV21: 0.096 | EW21: 0.187 | EX21: 0.1262 | EY21: 0.0202 | EZ21: 0.0414 | FA21: 0.0211 | FB21: 0.2975 | FC21: 0.0263 | FD21: 0.0319 | FE21: 0 | FF21: 0.1514 | FG21: 0 | FH21: 0.0727 | FI21: 0.0287 | FJ21: 0 | FK21: 0 | FL21: 0.0273 | FM21: 0 | FN21: 0 | FO21: 0 | FP21: 0.045
A22: N1112 | B22: ADVW | C22: 258 | D22: ADVW.258.4 | G22: 6157.8174 | H22: 484.4884 | I22: 1522.0648 | J22: 0.76441667 | K22: 0.0195 | L22: 14.3641 | M22: 43.6216 | N22: 500.7626 | O22: 760.5999 | P22: 630.4583 | Q22: 835.5656 | R22: 382.6634 | S22: 282.0185 | T22: 213.0844 | U22: 259.3478 | V22: 105.1643 | W22: 153.5467 | X22: 93.2863 | Y22: 57.3337 | Z22: 70.5229 | AA22: 91.5585 | AB22: 87.5956 | AC22: 63.3509 | AD22: 88.4239 | AE22: 58.7592 | AF22: 90.6171 | AG22: 34.5444 | AH22: 64.8222 | AI22: 89.7126 | AJ22: 51.4553 | AK22: 91.2044 | AL22: 48.8765 | AM22: 66.4013 | AN22: 82.7686 | AO22: 76.3223 | AP22: 60.917 | AQ22: 82.3408 | AR22: 69.8572 | AS22: 52.6171 | AT22: 73.8735 | AU22: 59.3473 | AV22: 34.2861 | AW22: 31.5153 | AX22: 43.2657 | AY22: 23.5467 | AZ22: 28.0363 | BA22: 12.6098 | BB22: 20.2206 | BC22: 10.3283 | BD22: 8.5921 | BE22: 9.0866 | BF22: 5.0512 | BG22: 5.8058 | BH22: 5.2119 | BI22: 3.9964 | BJ22: 4.4541 | BK22: 4.1927 | BL22: 1.1626 | BM22: 1.1472 | BN22: 2.4355 | BO22: 1.6657 | BP22: 1.23 | BQ22: 1.9774 | BR22: 0.7076 | BS22: 0.9046 | BT22: 0.6398 | BU22: 0.6719 | BV22: 0.6281 | BW22: 0.7667 | BX22: 0.2846 | BY22: 0.6958 | BZ22: 0.4238 | CA22: 0.2685 | CB22: 0.6302 | CC22: 0.5135 | CD22: 1.0316 | CE22: 0.0486 | CF22: 0.0407 | CG22: 0 | CH22: 0 | CI22: 0.1083 | CJ22: 0 | CK22: 0.073 | CL22: 0.2065 | CM22: 0.8281 | CN22: 0.0003 | CO22: 0.3961 | CP22: 1.7855 | CQ22: 28.6443 | CR22: 53.9473 | CS22: 52.677 | CT22: 84.0435 | CU22: 45.4863 | CV22: 37.5465 | CW22: 31.2811 | CX22: 43.0554 | CY22: 19.0769 | CZ22: 30.0482 | DA22: 20.1514 | DB22: 12.994 | DC22: 17.0794 | DD22: 23.6708 | DE22: 24.1752 | DF22: 18.3825 | DG22: 27.1746 | DH22: 18.8367 | DI22: 30.7493 | DJ22: 12.315 | DK22: 23.784 | DL22: 34.7063 | DM22: 20.61 | DN22: 38.0274 | DO22: 21.1992 | DP22: 29.5792 | DQ22: 38.3353 | DR22: 36.766 | DS22: 29.9877 | DT22: 41.9424 | DU22: 36.8336 | DV22: 28.4138 | DW22: 41.0064 | DX22: 34.0597 | DY22: 20.2579 | DZ22: 18.9608 | EA22: 26.8668 | EB22: 15.0029 | EC22: 18.3033 | ED22: 8.3855 | EE22: 13.7696 | EF22: 7.2481 | EG22: 6.1514 | EH22: 6.6294 | EI22: 3.7634 | EJ22: 4.4076 | EK22: 4.0624 | EL22: 3.163 | EM22: 3.5997 | EN22: 3.4583 | EO22: 0.9754 | EP22: 0.9797 | EQ22: 2.1187 | ER22: 1.4789 | ES22: 1.1098 | ET22: 1.8131 | EU22: 0.6613 | EV22: 0.86 | EW22: 0.6178 | EX22: 0.6581 | EY22: 0.627 | EZ22: 0.7777 | FA22: 0.2918 | FB22: 0.7262 | FC22: 0.449 | FD22: 0.2887 | FE22: 0.6904 | FF22: 0.5673 | FG22: 1.1641 | FH22: 0.0553 | FI22: 0.047 | FJ22: 0 | FK22: 0 | FL22: 0.1294 | FM22: 0 | FN22: 0.0904 | FO22: 0.2571 | FP22: 1.232
A23: N1114 | B23: ADVW | C23: 271 | D23: ADVW.271.4 | F23: =VLOOKUP(A23,[1]ROOT!$A$1:$C$1048576,3,0) -> #N/A | G23: 2420.6118 | H23: 132.5038 | I23: 416.2732 | J23: 0.53305 | K23: 0 | L23: 395.7667 | M23: 400.6855 | N23: 257.7694 | O23: 0.6585 | P23: 257.1343 | Q23: 102.3967 | R23: 142.0384 | S23: 77.9466 | T23: 13.231 | U23: 77.1068 | V23: 58.9485 | W23: 31.5308 | X23: 43.6604 | Y23: 36.7312 | Z23: 29.8877 | AA23: 19.1796 | AB23: 32.5078 | AC23: 13.904 | AD23: 34.6316 | AE23: 21.7311 | AF23: 32.6472 | AG23: 8.1362 | AH23: 24.2418 | AI23: 23.6505 | AJ23: 5.4281 | AK23: 28.9994 | AL23: 30.4244 | AM23: 14.2594 | AN23: 17.2206 | AO23: 27.0838 | AP23: 10.1147 | AQ23: 17.0259 | AR23: 12.6563 | AS23: 12.6778 | AT23: 25.2974 | AU23: 14.8903 | AV23: 2.1972 | AW23: 10.4415 | AX23: 8.5934 | AY23: 5.0089 | AZ23: 4.5954 | BA23: 7.0724 | BB23: 5.5846 | BC23: 3.3116 | BD23: 1.5301 | BE23: 4.0323 | BF23: 0.5969 | BG23: 2.4555 | BH23: 1.3913 | BI23: 0.4034 | BJ23: 1.2577 | BK23: 1.5848 | BL23: 1.0642 | BM23: 0.7401 | BN23: 0.5785 | BO23: 0.0127 | BP23: 0.2565 | BQ23: 0.4511 | BR23: 0.689 | BS23: 0.8722 | BT23: 0.2696 | BU23: 0.1464 | BV23: 0.0069 | BW23: 0 | BX23: 0 | BY23: 0 | BZ23: 0 | CA23: 0 | CB23: 0 | CC23: 0.0635 | CD23: 0.4148 | CE23: 0.4214 | CF23: 0 | CG23: 0 | CH23: 0.1296 | CI23: 0 | CJ23: 0.0069 | CK23: 0 | CL23: 0 | CM23: 0.1698 | CN23: 0 | CO23: 8.4722 | CP23: 17.0483 | CQ23: 15.7465 | CR23: 0.0455 | CS23: 21.4702 | CT23: 10.4159 | CU23: 16.5931 | CV23: 10.8159 | CW23: 1.9131 | CX23: 12.5576 | CY23: 10.8084 | CZ23: 6.2536 | DA23: 9.1591 | DB23: 8.3525 | DC23: 7.3394 | DD23: 4.8952 | DE23: 8.9023 | DF23: 4.0208 | DG23: 10.5352 | DH23: 6.9941 | DI23: 11.119 | DJ23: 2.8797 | DK23: 8.9437 | DL23: 9.2217 | DM23: 2.1585 | DN23: 12.0589 | DO23: 13.2727 | DP23: 6.4684 | DQ23: 7.9252 | DR23: 12.9725 | DS23: 5.0204 | DT23: 8.7034 | DU23: 6.6898 | DV23: 6.8092 | DW23: 14.0634 | DX23: 8.595 | DY23: 1.3019 | DZ23: 6.2529 | EA23: 5.3299 | EB23: 3.2048 | EC23: 2.9794 | ED23: 4.6965 | EE23: 3.8119 | EF23: 2.3256 | EG23: 1.0953 | EH23: 2.9668 | EI23: 0.4438 | EJ23: 1.8683 | EK23: 1.0891 | EL23: 0.3218 | EM23: 1.0134 | EN23: 1.3055 | EO23: 0.8971 | EP23: 0.6333 | EQ23: 0.5054 | ER23: 0.0113 | ES23: 0.2327 | ET23: 0.4154 | EU23: 0.642 | EV23: 0.8305 | EW23: 0.2603 | EX23: 0.1446 | EY23: 0.0068 | EZ23: 0 | FA23: 0 | FB23: 0 | FC23: 0 | FD23: 0 | FE23: 0 | FF23: 0.0843 | FG23: 0.4671 | FH23: 0.4787 | FI23: 0 | FJ23: 0 | FK23: 0.1535 | FL23: 0 | FM23: 0.0083 | FN23: 0 | FO23: 0 | FP23: 0.2301
A24: N1116 | B24: ADVW | C24: 379 | D24: ADVW.379.4 | G24: 3888.5392 | H24: 195.8685 | I24: 615.3393 | J24: 0.49526 | K24: 0 | L24: 350.6055 | M24: 375.0984 | N24: 625.7599 | O24: 504.4037 | P24: 348.5996 | Q24: 215.9233 | R24: 193.3714 | S24: 103.2583 | T24: 85.0403 | U24: 71.645 | V24: 76.9496 | W24: 64.137 | X24: 61.1633 | Y24: 49.2729 | Z24: 54.1872 | AA24: 44.5916 | AB24: 36.1656 | AC24: 36.0798 | AD24: 40.658 | AE24: 39.9691 | AF24: 36.5974 | AG24: 28.1381 | AH24: 26.9587 | AI24: 26.9339 | AJ24: 23.4685 | AK24: 28.4267 | AL24: 33.4572 | AM24: 28.5089 | AN24: 23.0018 | AO24: 20.5893 | AP24: 21.9143 | AQ24: 23.38 | AR24: 25.4365 | AS24: 24.1587 | AT24: 20.8376 | AU24: 24.547 | AV24: 16.7283 | AW24: 13.0885 | AX24: 13.1727 | AY24: 12.0297 | AZ24: 9.9309 | BA24: 8.3736 | BB24: 4.2994 | BC24: 3.9575 | BD24: 2.2435 | BE24: 1.2489 | BF24: 2.0923 | BG24: 1.231 | BH24: 1.3293 | BI24: 1.1179 | BJ24: 0.7788 | BK24: 0.5382 | BL24: 0.1539 | BM24: 0.2168 | BN24: 0.1518 | BO24: 0.0201 | BP24: 0.0613 | BQ24: 0 | BR24: 0.0159 | BS24: 0.2368 | BT24: 0.0608 | BU24: 0 | BV24: 0.0137 | BW24: 0.0465 | BX24: 0.0333 | BY24: 0 | BZ24: 0 | CA24: 0.1576 | CB24: 0 | CC24: 0 | CD24: 0 | CE24: 0 | CF24: 0 | CG24: 0 | CH24: 0 | CI24: 0 | CJ24: 0 | CK24: 0 | CL24: 0 | CM24: 0 | CN24: 0 | CO24: 9.1634 | CP24: 14.7401 | CQ24: 34.5141 | CR24: 35.121 | CS24: 29.8865 | CT24: 21.9578 | CU24: 22.7366 | CV24: 13.7758 | CW24: 12.6423 | CX24: 11.7807 | CY24: 13.934 | CZ24: 12.5869 | DA24: 12.9341 | DB24: 11.2209 | DC24: 13.216 | DD24: 11.5325 | DE24: 9.9357 | DF24: 10.4833 | DG24: 12.4554 | DH24: 12.8637 | DI24: 12.3789 | DJ24: 9.9237 | DK24: 9.9433 | DL24: 10.3758 | DM24: 9.3879 | DN24: 11.8543 | DO24: 14.4678 | DP24: 12.7392 | DQ24: 10.6464 | DR24: 9.8674 | DS24: 10.8612 | DT24: 11.9434 | DU24: 13.3932 | DV24: 13.0707 | DW24: 11.5999 | DX24: 14.1023 | DY24: 9.8396 | DZ24: 7.9063 | EA24: 8.1672 | EB24: 7.6554 | EC24: 6.4669 | ED24: 5.5801 | EE24: 2.9503 | EF24: 2.7647 | EG24: 1.606 | EH24: 0.9137 | EI24: 1.5642 | EJ24: 0.9355 | EK24: 1.0309 | EL24: 0.8863 | EM24: 0.6279 | EN24: 0.4431 | EO24: 0.1297 | EP24: 0.1848 | EQ24: 0.1326 | ER24: 0.0179 | ES24: 0.0556 | ET24: 0 | EU24: 0.0149 | EV24: 0.2258 | EW24: 0.0586 | EX24: 0 | EY24: 0.0138 | EZ24: 0.0472 | FA24: 0.0344 | FB24: 0 | FC24: 0 | FD24: 0.1691 | FE24: 0 | FF24: 0 | FG24: 0 | FH24: 0 | FI24: 0 | FJ24: 0 | FK24: 0 | FL24: 0 | FM24: 0 | FN24: 0 | FO24: 0 | FP24: 0
A25: N1117 | B25: F0 | C25: WBC | D25: F0.WBC | E25: =VLOOKUP(A25,[1]RHIZOMES!$A$1:$B$1048576,2,0) -> #N/A | G25: 2128.1218 | H25: 232.8784 | I25: 731.6088 | J25: 1.0652333 | K25: 0.0433 | L25: 19.6687 | M25: 26.4963 | N25: 94.0632 | O25: 132.8914 | P25: 151.5867 | Q25: 221.265 | R25: 125.3317 | S25: 94.3944 | T25: 71.4599 | U25: 86.8733 | V25: 36.57 | W25: 57.3043 | X25: 35.1584 | Y25: 24.2827 | Z25: 29.4775 | AA25: 35.2813 | AB25: 31.2772 | AC25: 24.7771 | AD25: 33.5188 | AE25: 26.9849 | AF25: 41.8633 | AG25: 20.242 | AH25: 27.7013 | AI25: 33.6309 | AJ25: 17.029 | AK25: 25.386 | AL25: 19.1973 | AM25: 19.8481 | AN25: 23.7119 | AO25: 27.1619 | AP25: 20.0006 | AQ25: 27.0683 | AR25: 31.5954 | AS25: 25.3731 | AT25: 34.0151 | AU25: 33.5004 | AV25: 24.2076 | AW25: 22.2109 | AX25: 25.1187 | AY25: 20.063 | AZ25: 25.1429 | BA25: 12.932 | BB25: 28.3546 | BC25: 18.9676 | BD25: 14.2947 | BE25: 14.7444 | BF25: 13.3365 | BG25: 14.4962 | BH25: 14.098 | BI25: 11.433 | BJ25: 11.2886 | BK25: 12.4639 | BL25: 5.2337 | BM25: 6.5315 | BN25: 8.3186 | BO25: 4.5702 | BP25: 3.0944 | BQ25: 4.2756 | BR25: 2.9032 | BS25: 3.2819 | BT25: 2.0943 | BU25: 1.5558 | BV25: 2.321 | BW25: 1.609 | BX25: 1.6364 | BY25: 1.3191 | BZ25: 1.3188 | CA25: 0.7774 | CB25: 0.4302 | CC25: 0.4558 | CD25: 0.6529 | CE25: 0.258 | CF25: 0.6626 | CG25: 0.1618 | CH25: 0.6502 | CI25: 0.5931 | CJ25: 0.0989 | CK25: 0.4516 | CL25: 0.0714 | CM25: 3.217 | CN25: 0.0006 | CO25: 0.5092 | CP25: 1.0376 | CQ25: 5.3048 | CR25: 9.6684 | CS25: 13.0924 | CT25: 22.3288 | CU25: 14.8545 | CV25: 12.5801 | CW25: 10.4896 | CX25: 14.4069 | CY25: 6.6585 | CZ25: 11.2289 | DA25: 7.5765 | DB25: 5.5105 | DC25: 7.1414 | DD25: 9.099 | DE25: 8.6362 | DF25: 7.2006 | DG25: 10.2931 | DH25: 8.6534 | DI25: 14.1954 | DJ25: 7.2309 | DK25: 10.1637 | DL25: 12.9869 | DM25: 6.8134 | DN25: 10.5748 | DO25: 8.3317 | DP25: 8.8699 | DQ25: 10.9685 | DR25: 13.0673 | DS25: 9.8891 | DT25: 13.7977 | DU25: 16.6226 | DV25: 13.7244 | DW25: 18.9076 | DX25: 19.2085 | DY25: 14.3021 | DZ25: 13.3702 | EA25: 15.5798 | EB25: 12.7805 | EC25: 16.4024 | ED25: 8.5882 | EE25: 19.3039 | EF25: 13.2963 | EG25: 10.258 | EH25: 10.779 | EI25: 9.9311 | EJ25: 11.0205 | EK25: 10.9761 | EL25: 9.0575 | EM25: 9.1115 | EN25: 10.2842 | EO25: 4.4077 | EP25: 5.5842 | EQ25: 7.2491 | ER25: 4.0577 | ES25: 2.7893 | ET25: 3.9342 | EU25: 2.7116 | EV25: 3.1165 | EW25: 2.0198 | EX25: 1.5223 | EY25: 2.311 | EZ25: 1.6334 | FA25: 1.6881 | FB25: 1.3755 | FC25: 1.3986 | FD25: 0.8382 | FE25: 0.4693 | FF25: 0.5045 | FG25: 0.7337 | FH25: 0.294 | FI25: 0.7669 | FJ25: 0.1893 | FK25: 0.7752 | FL25: 0.7133 | FM25: 0.1206 | FN25: 0.5577 | FO25: 0.0893 | FP25: 4.6973
A26: N1118 | B26: VWAD | C26: 103 | D26: VWAD.103.4 | F26: =VLOOKUP(A26,[1]ROOT!$A$1:$C$1048576,3,0) -> #N/A | G26: 3933.7813 | H26: 266.8411 | I26: 838.3059 | J26: 0.94279 | K26: 0 | L26: 561.4771 | M26: 593.545 | N26: 429.8193 | O26: 3.9366 | P26: 392.8015 | Q26: 139.952 | R26: 212.5007 | S26: 114.0139 | T26: 21.6674 | U26: 110.3397 | V26: 85.959 | W26: 44.7373 | X26: 71.4367 | Y26: 54.9568 | Z26: 44.9519 | AA26: 30.2357 | AB26: 60.3326 | AC26: 24.017 | AD26: 47.4192 | AE26: 25.2513 | AF26: 32.9167 | AG26: 14.5613 | AH26: 24.4142 | AI26: 39.5275 | AJ26: 9.6647 | AK26: 51.379 | AL26: 56.5286 | AM26: 28.9369 | AN26: 24.304 | AO26: 55.0173 | AP26: 28.978 | AQ26: 54.5706 | AR26: 37.6225 | AS26: 31.4318 | AT26: 62.35 | AU26: 47.6841 | AV26: 7.3346 | AW26: 34.0345 | AX26: 35.6563 | AY26: 18.2736 | AZ26: 19.8211 | BA26: 21.1214 | BB26: 22.1079 | BC26: 10.1254 | BD26: 9.268 | BE26: 12.6985 | BF26: 3.7804 | BG26: 9.8503 | BH26: 5.946 | BI26: 1.5847 | BJ26: 3.918 | BK26: 7.0221 | BL26: 2.526 | BM26: 2.1949 | BN26: 4.9017 | BO26: 0.8556 | BP26: 2.9139 | BQ26: 1.8155 | BR26: 1.219 | BS26: 2.0949 | BT26: 1.359 | BU26: 0.7719 | BV26: 2.3787 | BW26: 1.3232 | BX26: 0.9215 | BY26: 0.3008 | BZ26: 1.1962 | CA26: 1.1604 | CB26: 0.5226 | CC26: 0.5775 | CD26: 1.1118 | CE26: 0.43 | CF26: 1.7345 | CG26: 0.8663 | CH26: 0.9869 | CI26: 1.1588 | CJ26: 1.5288 | CK26: 0.0867 | CL26: 0.1407 | CM26: 3.1638 | CN26: 0 | CO26: 12.038 | CP26: 25.3088 | CQ26: 26.2513 | CR26: 0.2774 | CS26: 32.7502 | CT26: 14.2312 | CU26: 24.8178 | CV26: 15.8208 | CW26: 3.1384 | CX26: 17.9644 | CY26: 15.7422 | CZ26: 8.8672 | DA26: 14.9512 | DB26: 12.4948 | DC26: 11.0494 | DD26: 7.7278 | DE26: 16.5424 | DF26: 6.949 | DG26: 14.4 | DH26: 8.1257 | DI26: 11.1986 | DJ26: 5.1671 | DK26: 9.0153 | DL26: 15.4049 | DM26: 3.8535 | DN26: 21.3545 | DO26: 24.6459 | DP26: 13.1224 | DQ26: 11.1883 | DR26: 26.3531 | DS26: 14.3826 | DT26: 27.8492 | DU26: 19.8752 | DV26: 16.8858 | DW26: 34.6383 | DX26: 27.5079 | DY26: 4.3414 | DZ26: 20.3898 | EA26: 22.1228 | EB26: 11.6859 | EC26: 12.852 | ED26: 14.0511 | EE26: 15.1209 | EF26: 7.1081 | EG26: 6.6312 | EH26: 9.2904 | EI26: 2.811 | EJ26: 7.4933 | EK26: 4.6544 | EL26: 1.2553 | EM26: 3.158 | EN26: 5.791 | EO26: 2.1362 | EP26: 1.8759 | EQ26: 4.2792 | ER26: 0.7599 | ES26: 2.6273 | ET26: 1.6719 | EU26: 1.1356 | EV26: 1.9865 | EW26: 1.313 | EX26: 0.7619 | EY26: 2.3577 | EZ26: 1.3405 | FA26: 0.9541 | FB26: 0.3138 | FC26: 1.2644 | FD26: 1.2496 | FE26: 0.5722 | FF26: 0.6368 | FG26: 1.251 | FH26: 0.4885 | FI26: 2.0018 | FJ26: 1.0192 | FK26: 1.1695 | FL26: 1.3916 | FM26: 1.8572 | FN26: 0.1074 | FO26: 0.1748 | FP26: 4.5878
A27: N1119 | B27: =#N/A -> #N/A | C27: =#N/A -> #N/A | D27: =#N/A -> #N/A | G27: 2499.3389 | H27: 127.6126 | I27: 400.9069 | J27: 0.51433333 | K27: 0.0107 | L27: 213.5798 | M27: 238.7946 | N27: 377.4699 | O27: 317.0276 | P27: 229.3766 | Q27: 152.0036 | R27: 118.5008 | S27: 73.7251 | T27: 60.2912 | U27: 53.8799 | V27: 50.8792 | W27: 40.748 | X27: 33.9819 | Y27: 35.1365 | Z27: 32.0933 | AA27: 26.899 | AB27: 28.6452 | AC27: 35.2672 | AD27: 27.3287 | AE27: 23.6098 | AF27: 25.4244 | AG27: 22.1536 | AH27: 19.6655 | AI27: 18.3077 | AJ27: 17.671 | AK27: 15.8579 | AL27: 12.9068 | AM27: 12.3074 | AN27: 12.1607 | AO27: 13.9922 | AP27: 16.974 | AQ27: 14.8841 | AR27: 18.5922 | AS27: 18.5734 | AT27: 15.5234 | AU27: 12.5548 | AV27: 10.3077 | AW27: 11.241 | AX27: 9.05 | AY27: 6.6472 | AZ27: 3.1437 | BA27: 5.2135 | BB27: 4.1739 | BC27: 2.991 | BD27: 1.7754 | BE27: 1.1452 | BF27: 1.2983 | BG27: 0.5224 | BH27: 0.642 | BI27: 0.6156 | BJ27: 0.241 | BK27: 0.2315 | BL27: 0.3438 | BM27: 0.1205 | BN27: 0.4203 | BO27: 0 | BP27: 0.1233 | BQ27: 0.0846 | BR27: 0 | BS27: 0 | BT27: 0 | BU27: 0 | BV27: 0.2149 | BW27: 0 | BX27: 0.1706 | BY27: 0 | BZ27: 0 | CA27: 0 | CB27: 0 | CC27: 0 | CD27: 0 | CE27: 0 | CF27: 0 | CG27: 0 | CH27: 0 | CI27: 0 | CJ27: 0 | CK27: 0 | CL27: 0 | CM27: 0 | CN27: 0.0001 | CO27: 5.6323 | CP27: 9.4374 | CQ27: 20.7877 | CR27: 22.1133 | CS27: 19.6363 | CT27: 15.4263 | CU27: 13.9383 | CV27: 9.8363 | CW27: 8.9564 | CX27: 8.8703 | CY27: 9.2103 | CZ27: 7.968 | DA27: 7.2017 | DB27: 8.0006 | DC27: 7.8324 | DD27: 6.9606 | DE27: 7.8779 | DF27: 10.271 | DG27: 8.3602 | DH27: 7.5953 | DI27: 8.6042 | DJ27: 7.8062 | DK27: 7.2622 | DL27: 7.0407 | DM27: 7.0652 | DN27: 6.6053 | DO27: 5.5811 | DP27: 5.5058 | DQ27: 5.6381 | DR27: 6.7006 | DS27: 8.4098 | DT27: 7.5965 | DU27: 9.7935 | DV27: 10.0548 | DW27: 8.6333 | DX27: 7.2089 | DY27: 6.0674 | DZ27: 6.7839 | EA27: 5.6188 | EB27: 4.2274 | EC27: 2.0487 | ED27: 3.4837 | EE27: 2.8492 | EF27: 2.0885 | EG27: 1.2693 | EH27: 0.8389 | EI27: 0.967 | EJ27: 0.3974 | EK27: 0.497 | EL27: 0.4893 | EM27: 0.2175 | EN27: 0.1905 | EO27: 0.2886 | EP27: 0.1037 | EQ27: 0.3671 | ER27: 0 | ES27: 0.1106 | ET27: 0.0783 | EU27: 0 | EV27: 0 | EW27: 0 | EX27: 0 | EY27: 0.2131 | EZ27: 0 | FA27: 0.176 | FB27: 0 | FC27: 0 | FD27: 0 | FE27: 0 | FF27: 0 | FG27: 0 | FH27: 0 | FI27: 0 | FJ27: 0 | FK27: 0 | FL27: 0 | FM27: 0 | FN27: 0 | FO27: 0 | FP27: 0
A28: N1202 | B28: ADVW | C28: 304 | D28: ADVW.304.4 | F28: 2.5268 | G28: 3161.3819 | H28: 158.0761 | I28: 496.6109 | J28: 0.4421 | K28: 0 | L28: 494.6 | M28: 660.8968 | N28: 427.2104 | O28: 0.4218 | P28: 316.2256 | Q28: 116.1093 | R28: 141.7446 | S28: 71.7111 | T28: 14.6127 | U28: 74.0159 | V28: 66.0284 | W28: 35.2955 | X28: 54.5932 | Y28: 31.9197 | Z28: 35.7511 | AA28: 16.842 | AB28: 28.5201 | AC28: 14.6141 | AD28: 31.2778 | AE28: 17.3051 | AF28: 44.379 | AG28: 26.4693 | AH28: 24.0558 | AI28: 42.8024 | AJ28: 14.1027 | AK28: 43.4378 | AL28: 43.0541 | AM28: 30.1689 | AN28: 19.1522 | AO28: 45.4033 | AP28: 34.5057 | AQ28: 22.0529 | AR28: 11.8808 | AS28: 14.1965 | AT28: 15.1406 | AU28: 13.072 | AV28: 0.3907 | AW28: 11.099 | AX28: 11.3156 | AY28: 7.91 | AZ28: 7.7149 | BA28: 4.4539 | BB28: 6.2975 | BC28: 4.2841 | BD28: 1.7622 | BE28: 1.6697 | BF28: 0.464 | BG28: 1.9257 | BH28: 1.849 | BI28: 0.3152 | BJ28: 0.7313 | BK28: 1.1514 | BL28: 0.6087 | BM28: 0.3409 | BN28: 0.341 | BO28: 0.0328 | BP28: 0.3892 | BQ28: 0.1174 | BR28: 0.8452 | BS28: 0.1423 | BT28: 0.1433 | BU28: 0.0835 | BV28: 0.009 | BW28: 0.018 | BX28: 0.0656 | BY28: 0.0159 | BZ28: 0.0064 | CA28: 0.0206 | CB28: 0.0201 | CC28: 0.0248 | CD28: 0.0196 | CE28: 0.0132 | CF28: 0.0682 | CG28: 0 | CH28: 0 | CI28: 0 | CJ28: 0 | CK28: 0 | CL28: 0 | CM28: 0 | CN28: 0 | CO28: 10.6558 | CP28: 28.0811 | CQ28: 26.0464 | CR28: 0.0291 | CS28: 26.217 | CT28: 11.7821 | CU28: 16.5889 | CV28: 9.958 | CW28: 2.1128 | CX28: 11.9793 | CY28: 12.0595 | CZ28: 7.0209 | DA28: 11.5415 | DB28: 7.2575 | DC28: 8.7423 | DD28: 4.3232 | DE28: 7.8032 | DF28: 4.226 | DG28: 9.5193 | DH28: 5.5506 | DI28: 15.0288 | DJ28: 9.407 | DK28: 8.9049 | DL28: 16.6114 | DM28: 5.6238 | DN28: 18.046 | DO28: 18.7768 | DP28: 13.7019 | DQ28: 8.8004 | DR28: 21.669 | DS28: 17.1376 | DT28: 11.3274 | DU28: 6.2404 | DV28: 7.6284 | DW28: 8.4279 | DX28: 7.5489 | DY28: 0.2316 | DZ28: 6.6454 | EA28: 7.0072 | EB28: 5.0548 | EC28: 5.0469 | ED28: 2.9604 | EE28: 4.2885 | EF28: 2.9997 | EG28: 1.2632 | EH28: 1.2193 | EI28: 0.345 | EJ28: 1.4663 | EK28: 1.4437 | EL28: 0.2506 | EM28: 0.5894 | EN28: 0.9474 | EO28: 0.5136 | EP28: 0.2906 | EQ28: 0.2991 | ER28: 0.0291 | ES28: 0.352 | ET28: 0.1081 | EU28: 0.7859 | EV28: 0.135 | EW28: 0.1386 | EX28: 0.0825 | EY28: 0.0089 | EZ28: 0.0182 | FA28: 0.0677 | FB28: 0.0166 | FC28: 0.0067 | FD28: 0.0221 | FE28: 0.022 | FF28: 0.0273 | FG28: 0.0218 | FH28: 0.015 | FI28: 0.0789 | FJ28: 0 | FK28: 0 | FL28: 0 | FM28: 0 | FN28: 0 | FO28: 0 | FP28: 0
A29: N1203 | B29: VWAD | C29: 102 | D29: VWAD.102.4 | F29: =VLOOKUP(A29,[1]ROOT!$A$1:$C$1048576,3,0) -> #N/A | G29: 2879.7467 | H29: 217.1138 | I29: 682.083 | J29: 0.75545 | K29: 0 | L29: 278.8154 | M29: 414.5829 | N29: 292.2223 | O29: 0.3191 | P29: 264.7694 | Q29: 90.519 | R29: 135.1419 | S29: 77.7764 | T29: 14.6781 | U29: 75.7822 | V29: 65.9256 | W29: 35.5652 | X29: 44.0965 | Y29: 31.3631 | Z29: 28.5991 | AA29: 15.6593 | AB29: 31.2783 | AC29: 11.8614 | AD29: 33.0718 | AE29: 27.4822 | AF29: 47.7851 | AG29: 22.4003 | AH29: 40.7889 | AI29: 49.6537 | AJ29: 10.7195 | AK29: 58.1077 | AL29: 55.1209 | AM29: 35.682 | AN29: 25.6527 | AO29: 75.1512 | AP29: 56.5865 | AQ29: 64.7346 | AR29: 44.237 | AS29: 64.9673 | AT29: 66.9501 | AU29: 55.5965 | AV29: 1.8441 | AW29: 37.0385 | AX29: 25.6427 | AY29: 13.0492 | AZ29: 10.0367 | BA29: 7.8917 | BB29: 10.2966 | BC29: 7.2343 | BD29: 4.8937 | BE29: 8.12 | BF29: 1.5905 | BG29: 2.06 | BH29: 1.9074 | BI29: 0.545 | BJ29: 0.833 | BK29: 0.7521 | BL29: 0.5248 | BM29: 0.1147 | BN29: 0.1571 | BO29: 0.0286 | BP29: 0.0423 | BQ29: 0.0137 | BR29: 0.0544 | BS29: 0 | BT29: 0 | BU29: 0 | BV29: 0 | BW29: 0 | BX29: 0 | BY29: 0 | BZ29: 0.2402 | CA29: 0 | CB29: 0.0428 | CC29: 0 | CD29: 0.0518 | CE29: 0 | CF29: 0 | CG29: 0 | CH29: 0 | CI29: 0 | CJ29: 0 | CK29: 0 | CL29: 0 | CM29: 0 | CN29: 0 | CO29: 6.0219 | CP29: 17.6142 | CQ29: 17.8423 | CR29: 0.022 | CS29: 21.9944 | CT29: 9.1943 | CU29: 15.8068 | CV29: 10.801 | CW29: 2.1222 | CX29: 12.3104 | CY29: 12.0534 | CZ29: 7.0641 | DA29: 9.271 | DB29: 7.1267 | DC29: 7.0142 | DD29: 4.0094 | DE29: 8.5722 | DF29: 3.43 | DG29: 10.0523 | DH29: 8.8209 | DI29: 16.2124 | DJ29: 7.9439 | DK29: 15.0759 | DL29: 19.3391 | DM29: 4.2718 | DN29: 24.1444 | DO29: 24.0181 | DP29: 16.2028 | DQ29: 11.7975 | DR29: 35.9123 | DS29: 28.1045 | DT29: 33.1929 | DU29: 23.2214 | DV29: 34.9111 | DW29: 37.2806 | DX29: 32.1215 | DY29: 1.0927 | DZ29: 22.1758 | EA29: 15.8839 | EB29: 8.3414 | EC29: 6.5432 | ED29: 5.2368 | EE29: 7.0135 | EF29: 5.0712 | EG29: 3.5085 | EH29: 5.9325 | EI29: 1.1827 | EJ29: 1.5675 | EK29: 1.491 | EL29: 0.4345 | EM29: 0.6712 | EN29: 0.6199 | EO29: 0.4418 | EP29: 0.0982 | EQ29: 0.1371 | ER29: 0.0254 | ES29: 0.038 | ET29: 0.0126 | EU29: 0.0507 | EV29: 0 | EW29: 0 | EX29: 0 | EY29: 0 | EZ29: 0 | FA29: 0 | FB29: 0 | FC29: 0.2531 | FD29: 0 | FE29: 0.0469 | FF29: 0 | FG29: 0.0578 | FH29: 0 | FI29: 0 | FJ29: 0 | FK29: 0 | FL29: 0 | FM29: 0 | FN29: 0 | FO29: 0 | FP29: 0
A30: N1206 | B30: F0 | C30: AP13 | D30: F0.AP13 | E30: REDO | G30: 5573.1669 | H30: 460.8756 | I30: 1447.8831 | J30: 0.8343375 | K30: 0 | L30: 197.1396 | M30: 213.7474 | N30: 395.7118 | O30: 442.0594 | P30: 369.2826 | Q30: 277.7347 | R30: 288.5536 | S30: 182.0062 | T30: 191.9127 | U30: 196.5263 | V30: 178.939 | W30: 161.6454 | X30: 151.567 | Y30: 128.8993 | Z30: 114.6438 | AA30: 101.4671 | AB30: 96.5399 | AC30: 101.7858 | AD30: 100.5244 | AE30: 98.0119 | AF30: 107.7031 | AG30: 92.2178 | AH30: 83.8187 | AI30: 73.7272 | AJ30: 75.3325 | AK30: 82.8278 | AL30: 73.7584 | AM30: 66.6669 | AN30: 60.6973 | AO30: 65.6395 | AP30: 57.9714 | AQ30: 61.1502 | AR30: 55.3238 | AS30: 52.6408 | AT30: 61.3196 | AU30: 54.6982 | AV30: 46.9358 | AW30: 35.5384 | AX30: 40.7372 | AY30: 40.098 | AZ30: 32.8055 | BA30: 34.4141 | BB30: 27.3641 | BC30: 22.3229 | BD30: 19.3271 | BE30: 17.9148 | BF30: 16.2001 | BG30: 14.7139 | BH30: 13.7658 | BI30: 12.7732 | BJ30: 10.2766 | BK30: 7.4995 | BL30: 8.4103 | BM30: 8.8563 | BN30: 6.6646 | BO30: 4.2949 | BP30: 3.3725 | BQ30: 4.0467 | BR30: 3.7765 | BS30: 3.9491 | BT30: 1.9816 | BU30: 1.5029 | BV30: 4.0296 | BW30: 1.9809 | BX30: 1.4471 | BY30: 1.4107 | BZ30: 1.3049 | CA30: 1.5015 | CB30: 0.7195 | CC30: 0.4853 | CD30: 1.0676 | CE30: 0.4939 | CF30: 0.0902 | CG30: 0.6564 | CH30: 0.056 | CI30: 0.3247 | CJ30: 0.4878 | CK30: 0.1822 | CL30: 0.0867 | CM30: 1.3285 | CN30: 0 | CO30: 5.235 | CP30: 8.2668 | CQ30: 21.9817 | CR30: 30.8346 | CS30: 31.8125 | CT30: 28.3259 | CU30: 34.082 | CV30: 24.2697 | CW30: 28.6146 | CX30: 32.3853 | CY30: 32.3585 | CZ30: 31.6482 | DA30: 32.1092 | DB30: 29.3773 | DC30: 27.9262 | DD30: 26.2857 | DE30: 26.5492 | DF30: 29.5787 | DG30: 30.7852 | DH30: 31.5851 | DI30: 36.4145 | DJ30: 32.5363 | DK30: 30.9499 | DL30: 28.4025 | DM30: 30.143 | DN30: 34.4597 | DO30: 31.9075 | DP30: 29.8281 | DQ30: 28.111 | DR30: 31.4365 | DS30: 28.7256 | DT30: 31.2137 | DU30: 29.1113 | DV30: 28.499 | DW30: 34.1755 | DX30: 31.3911 | DY30: 27.6432 | DZ30: 21.488 | EA30: 25.2563 | EB30: 25.5161 | EC30: 21.3914 | ED30: 22.9857 | EE30: 18.6859 | EF30: 15.5835 | EG30: 13.8051 | EH30: 13.089 | EI30: 12.0857 | EJ30: 11.2025 | EK30: 10.7003 | EL30: 10.1423 | EM30: 8.3107 | EN30: 6.1739 | EO30: 7.0781 | EP30: 7.5835 | EQ30: 5.806 | ER30: 3.8083 | ES30: 3.0466 | ET30: 3.721 | EU30: 3.5276 | EV30: 3.7533 | EW30: 1.9113 | EX30: 1.4766 | EY30: 4.0137 | EZ30: 2.0035 | FA30: 1.4906 | FB30: 1.4739 | FC30: 1.3858 | FD30: 1.6141 | FE30: 0.787 | FF30: 0.5376 | FG30: 1.2005 | FH30: 0.5667 | FI30: 0.1042 | FJ30: 0.7659 | FK30: 0.0665 | FL30: 0.3899 | FM30: 0.5921 | FN30: 0.2247 | FO30: 0.1083 | FP30: 2.1547
A31: N1207 | B31: ADVW | C31: 275 | D31: ADVW.275.16 | F31: =VLOOKUP(A31,[1]ROOT!$A$1:$C$1048576,3,0) -> #N/A | G31: 1446.9662 | H31: 75.0872 | I31: 235.8936 | J31: 0.55436667 | K31: 0 | L31: 194.9443 | M31: 187.633 | N31: 141.7205 | O31: 0.3232 | P31: 170.285 | Q31: 71.2149 | R31: 110.1493 | S31: 66.4849 | T31: 10.7828 | U31: 74.8785 | V31: 49.3486 | W31: 28.7624 | X31: 32.9398 | Y31: 21.3367 | Z31: 20.7655 | AA31: 16.0902 | AB31: 31.2492 | AC31: 9.2973 | AD31: 23.2201 | AE31: 13.2703 | AF31: 22.0449 | AG31: 5.5957 | AH31: 18.1345 | AI31: 14.6779 | AJ31: 1.6716 | AK31: 13.5655 | AL31: 9.5137 | AM31: 3.1541 | AN31: 4.6806 | AO31: 5.7155 | AP31: 2.8927 | AQ31: 5.1062 | AR31: 4.3659 | AS31: 6.2069 | AT31: 10.4889 | AU31: 10.98 | AV31: 2.1685 | AW31: 6.9215 | AX31: 6.9221 | AY31: 2.8135 | AZ31: 3.8729 | BA31: 3.523 | BB31: 1.6731 | BC31: 0.4241 | BD31: 0.4862 | BE31: 1.4809 | BF31: 0.293 | BG31: 0.5695 | BH31: 0.5274 | BI31: 0.1116 | BJ31: 0.0206 | BK31: 0.1954 | BL31: 0.0196 | BM31: 0.0249 | BN31: 0.1316 | BO31: 0.0222 | BP31: 0.0745 | BQ31: 0 | BR31: 0 | BS31: 0.0898 | BT31: 0 | BU31: 0 | BV31: 0 | BW31: 0 | BX31: 0 | BY31: 0 | BZ31: 0 | CA31: 0 | CB31: 0.0703 | CC31: 0 | CD31: 0 | CE31: 0.1886 | CF31: 0 | CG31: 0 | CH31: 0 | CI31: 0 | CJ31: 0 | CK31: 0 | CL31: 0 | CM31: 0.0263 | CN31: 0 | CO31: 4.164 | CP31: 7.9921 | CQ31: 8.664 | CR31: 0.0223 | CS31: 14.2599 | CT31: 7.2399 | CU31: 12.845 | CV31: 9.2198 | CW31: 1.5591 | CX31: 12.1581 | CY31: 9.0449 | CZ31: 5.7124 | DA31: 6.9275 | DB31: 4.8485 | DC31: 5.0954 | DD31: 4.1072 | DE31: 8.5823 | DF31: 2.6884 | DG31: 7.0449 | DH31: 4.2688 | DI31: 7.5232 | DJ31: 1.9851 | DK31: 6.6923 | DL31: 5.7242 | DM31: 0.6651 | DN31: 5.6306 | DO31: 4.1471 | DP31: 1.4305 | DQ31: 2.1554 | DR31: 2.7388 | DS31: 1.4353 | DT31: 2.6033 | DU31: 2.3075 | DV31: 3.3348 | DW31: 5.8494 | DX31: 6.3328 | DY31: 1.2849 | DZ31: 4.1452 | EA31: 4.2931 | EB31: 1.7985 | EC31: 2.5211 | ED31: 2.3429 | EE31: 1.141 | EF31: 0.2985 | EG31: 0.3486 | EH31: 1.0779 | EI31: 0.2178 | EJ31: 0.4333 | EK31: 0.4122 | EL31: 0.1317 | EM31: 0.0166 | EN31: 0.1738 | EO31: 0.0164 | EP31: 0.0212 | EQ31: 0.115 | ER31: 0.0197 | ES31: 0.0672 | ET31: 0 | EU31: 0 | EV31: 0.086 | EW31: 0 | EX31: 0 | EY31: 0 | EZ31: 0 | FA31: 0 | FB31: 0 | FC31: 0 | FD31: 0 | FE31: 0.077 | FF31: 0 | FG31: 0 | FH31: 0.2143 | FI31: 0 | FJ31: 0 | FK31: 0 | FL31: 0 | FM31: 0 | FN31: 0 | FO31: 0 | FP31: 0.0382
A32: N1210 | B32: VWAD | C32: 145 | D32: VWAD.145.4 | F32: =VLOOKUP(A32,[1]ROOT!$A$1:$C$1048576,3,0) -> #N/A | G32: 2441.3123 | H32: 191.7887 | I32: 602.5219 | J32: 0.7855 | K32: 0.0196 | L32: 15.7634 | M32: 37.963 | N32: 168.1859 | O32: 187.686 | P32: 151.8261 | Q32: 279.8608 | R32: 164.3152 | S32: 160.9747 | T32: 141.2269 | U32: 169.9976 | V32: 75.1052 | W32: 117.6377 | X32: 77.7699 | Y32: 46.4544 | Z32: 48.9029 | AA32: 44.1199 | AB32: 38.3277 | AC32: 22.0379 | AD32: 26.3845 | AE32: 22.0645 | AF32: 31.6101 | AG32: 13.4554 | AH32: 16.9827 | AI32: 23.5481 | AJ32: 12.5223 | AK32: 19.5727 | AL32: 11.256 | AM32: 11.0516 | AN32: 15.5307 | AO32: 19.7586 | AP32: 24.3229 | AQ32: 27.0862 | AR32: 28.1163 | AS32: 19.5466 | AT32: 26.5422 | AU32: 28.802 | AV32: 8.848 | AW32: 12.0576 | AX32: 12.1969 | AY32: 7.2922 | AZ32: 6.8893 | BA32: 4.8289 | BB32: 9.4896 | BC32: 7.5488 | BD32: 6.2154 | BE32: 5.5252 | BF32: 6.0271 | BG32: 5.9631 | BH32: 4.5045 | BI32: 3.448 | BJ32: 0.9674 | BK32: 2.2875 | BL32: 1.1481 | BM32: 1.6489 | BN32: 1.027 | BO32: 1.4901 | BP32: 0.1412 | BQ32: 0.1559 | BR32: 0.5543 | BS32: 0.2544 | BT32: 0.2818 | BU32: 0.1845 | BV32: 0.2749 | BW32: 0.692 | BX32: 0.111 | BY32: 0.0682 | BZ32: 0.0645 | CA32: 0.0227 | CB32: 0.0333 | CC32: 0.4779 | CD32: 0.0941 | CE32: 0.245 | CF32: 0.0137 | CG32: 0.2369 | CH32: 0 | CI32: 0.0799 | CJ32: 0.2136 | CK32: 0.1603 | CL32: 0 | CM32: 0.9675 | CN32: 0.0002 | CO32: 0.4214 | CP32: 1.4865 | CQ32: 9.4617 | CR32: 13.3324 | CS32: 12.7404 | CT32: 28.2595 | CU32: 19.5873 | CV32: 21.4344 | CW32: 20.7161 | CX32: 28.2086 | CY32: 13.6576 | CZ32: 23.0505 | DA32: 16.7675 | DB32: 10.4986 | DC32: 11.8363 | DD32: 11.3862 | DE32: 10.5918 | DF32: 6.4111 | DG32: 8.0689 | DH32: 7.0735 | DI32: 10.7302 | DJ32: 4.808 | DK32: 6.2385 | DL32: 9.0923 | DM32: 5.0078 | DN32: 8.1595 | DO32: 4.862 | DP32: 4.9222 | DQ32: 7.1872 | DR32: 9.5193 | DS32: 12.0509 | DT32: 13.8097 | DU32: 14.7974 | DV32: 10.5614 | DW32: 14.7416 | DX32: 16.5452 | DY32: 5.2257 | DZ32: 7.2587 | EA32: 7.5661 | EB32: 4.6521 | EC32: 4.4934 | ED32: 3.2132 | EE32: 6.474 | EF32: 5.2907 | EG32: 4.4523 | EH32: 4.0409 | EI32: 4.4883 | EJ32: 4.535 | EK32: 3.5028 | EL32: 2.7349 | EM32: 0.7826 | EN32: 1.8849 | EO32: 0.9668 | EP32: 1.4133 | EQ32: 0.8943 | ER32: 1.3214 | ES32: 0.1275 | ET32: 0.1888 | EU32: 0.5174 | EV32: 0.2422 | EW32: 0.271 | EX32: 0.181 | EY32: 0.2733 | EZ32: 0.7025 | FA32: 0.1135 | FB32: 0.0712 | FC32: 0.0686 | FD32: 0.0246 | FE32: 0.0363 | FF32: 0.5292 | FG32: 0.1062 | FH32: 0.2872 | FI32: 0.0159 | FJ32: 0.2772 | FK32: 0 | FL32: 0.0962 | FM32: 0.2608 | FN32: 0.1976 | FO32: 0 | FP32: 1.3519
A33: N1211 | B33: ADVW | C33: 305 | D33: ADVW.305.4 | G33: 3858.4617 | H33: 298.3743 | I33: 937.3703 | J33: 0.745825 | K33: 0 | L33: 351.8769 | M33: 310.081 | N33: 443.8327 | O33: 305.3571 | P33: 194.5963 | Q33: 133.097 | R33: 108.9799 | S33: 68.4198 | T33: 69.7339 | U33: 68.8762 | V33: 66.3231 | W33: 56.1165 | X33: 51.0599 | Y33: 46.9713 | Z33: 44.0261 | AA33: 42.9774 | AB33: 44.216 | AC33: 45.7376 | AD33: 56.1273 | AE33: 55.7828 | AF33: 62.0797 | AG33: 58.8875 | AH33: 63.9504 | AI33: 71.8965 | AJ33: 78.818 | AK33: 86.3403 | AL33: 74.7891 | AM33: 70.0217 | AN33: 70.5269 | AO33: 77.7533 | AP33: 79.2441 | AQ33: 68.3377 | AR33: 75.8724 | AS33: 72.469 | AT33: 62.5851 | AU33: 48.436 | AV33: 31.6011 | AW33: 23.7516 | AX33: 19.0963 | AY33: 17.1289 | AZ33: 14.3491 | BA33: 13.345 | BB33: 10.3316 | BC33: 7.6601 | BD33: 5.5436 | BE33: 3.6611 | BF33: 3.4233 | BG33: 3.5998 | BH33: 2.6533 | BI33: 2.0044 | BJ33: 2.1488 | BK33: 1.4839 | BL33: 1.1567 | BM33: 1.4958 | BN33: 1.544 | BO33: 0.4402 | BP33: 0.4669 | BQ33: 0.8485 | BR33: 0.4629 | BS33: 0.5113 | BT33: 0.2765 | BU33: 0.2507 | BV33: 0.3554 | BW33: 0.3992 | BX33: 0.2302 | BY33: 0.2598 | BZ33: 0.1215 | CA33: 0.0195 | CB33: 0.1256 | CC33: 0.0195 | CD33: 0.0069 | CE33: 0.0132 | CF33: 0.1013 | CG33: 0.019 | CH33: 0.0069 | CI33: 0.0697 | CJ33: 0.038 | CK33: 0.0275 | CL33: 0.0269 | CM33: 0.19 | CN33: 0 | CO33: 9.2386 | CP33: 11.8705 | CQ33: 24.3732 | CR33: 21.1775 | CS33: 16.7306 | CT33: 13.5562 | CU33: 12.8033 | CV33: 9.1312 | CW33: 10.3759 | CX33: 11.3407 | CY33: 12.0193 | CZ33: 11.0002 | DA33: 10.8118 | DB33: 10.6921 | DC33: 10.7217 | DD33: 11.1362 | DE33: 12.1514 | DF33: 13.3084 | DG33: 17.1936 | DH33: 17.9741 | DI33: 20.996 | DJ33: 20.7917 | DK33: 23.6215 | DL33: 27.7086 | DM33: 31.5422 | DN33: 35.8975 | DO33: 32.3605 | DP33: 31.3182 | DQ33: 32.6792 | DR33: 37.2721 | DS33: 39.2366 | DT33: 34.8741 | DU33: 39.9215 | DV33: 39.2273 | DW33: 34.8799 | DX33: 27.79 | DY33: 18.6181 | DZ33: 14.3506 | EA33: 11.836 | EB33: 10.9148 | EC33: 9.3468 | ED33: 8.896 | EE33: 7.057 | EF33: 5.3543 | EG33: 3.9585 | EH33: 2.6724 | EI33: 2.5578 | EJ33: 2.7351 | EK33: 2.0685 | EL33: 1.5872 | EM33: 1.7379 | EN33: 1.2257 | EO33: 0.9723 | EP33: 1.2769 | EQ33: 1.3431 | ER33: 0.3913 | ES33: 0.4219 | ET33: 0.7819 | EU33: 0.4339 | EV33: 0.4854 | EW33: 0.2681 | EX33: 0.2475 | EY33: 0.3555 | EZ33: 0.4036 | FA33: 0.2375 | FB33: 0.2714 | FC33: 0.1285 | FD33: 0.021 | FE33: 0.1369 | FF33: 0.0217 | FG33: 0.0077 | FH33: 0.015 | FI33: 0.1167 | FJ33: 0.0224 | FK33: 0.0081 | FL33: 0.0836 | FM33: 0.0464 | FN33: 0.0339 | FO33: 0.0336 | FP33: 0.2445
A34: N1212 | B34: VWAD | C34: 24 | D34: VWAD.24.4 | G34: 1286.9387 | H34: 76.2582 | I34: 239.5722 | J34: 0.58955 | K34: 0 | L34: 131.93 | M34: 112.3345 | N34: 162.5787 | O34: 110.5702 | P34: 72.257 | Q34: 44.2376 | R34: 48.1978 | S34: 29.9123 | T34: 30.8606 | U34: 40.8675 | V34: 40.3302 | W34: 28.7546 | X34: 24.843 | Y34: 24.8304 | Z34: 23.4239 | AA34: 25.8965 | AB34: 23.0874 | AC34: 23.1139 | AD34: 14.4283 | AE34: 15.6489 | AF34: 21.4174 | AG34: 21.6106 | AH34: 18.712 | AI34: 12.0172 | AJ34: 16.1638 | AK34: 14.5922 | AL34: 15.7568 | AM34: 16.1116 | AN34: 12.9603 | AO34: 14.9822 | AP34: 17.2162 | AQ34: 16.1409 | AR34: 16.0356 | AS34: 11.4874 | AT34: 9.8351 | AU34: 6.7866 | AV34: 6.6576 | AW34: 3.1351 | AX34: 1.8844 | AY34: 1.7379 | AZ34: 0.6597 | BA34: 0.7052 | BB34: 0.2434 | BC34: 0.1422 | BD34: 0.1216 | BE34: 0.2786 | BF34: 0.0814 | BG34: 0.1672 | BH34: 0 | BI34: 0 | BJ34: 0.0206 | BK34: 0 | BL34: 0 | BM34: 0 | BN34: 0 | BO34: 0 | BP34: 0 | BQ34: 0 | BR34: 0 | BS34: 0 | BT34: 0 | BU34: 0.0629 | BV34: 0 | BW34: 0.0555 | BX34: 0 | BY34: 0 | BZ34: 0 | CA34: 0.0112 | CB34: 0 | CC34: 0 | CD34: 0 | CE34: 0 | CF34: 0 | CG34: 0 | CH34: 0 | CI34: 0 | CJ34: 0 | CK34: 0 | CL34: 0 | CM34: 0 | CN34: 0 | CO34: 3.4637 | CP34: 4.3341 | CQ34: 8.9093 | CR34: 7.6702 | CS34: 6.2039 | CT34: 4.5054 | CU34: 5.7051 | CV34: 3.9853 | CW34: 4.6068 | CX34: 6.7349 | CY34: 7.3054 | CZ34: 5.6359 | DA34: 5.2624 | DB34: 5.6741 | DC34: 5.7157 | DD34: 6.6987 | DE34: 6.3441 | DF34: 6.7134 | DG34: 4.4082 | DH34: 5.0495 | DI34: 7.2361 | DJ34: 7.6342 | DK34: 6.9006 | DL34: 4.6189 | DM34: 6.4597 | DN34: 6.0829 | DO34: 6.8189 | DP34: 7.2111 | DQ34: 5.9915 | DR34: 7.1851 | DS34: 8.5142 | DT34: 8.2547 | DU34: 8.4367 | DV34: 6.216 | DW34: 5.4739 | DX34: 3.8942 | DY34: 3.9116 | DZ34: 1.892 | EA34: 1.169 | EB34: 1.1058 | EC34: 0.4294 | ED34: 0.4702 | EE34: 0.1661 | EF34: 0.0986 | EG34: 0.0865 | EH34: 0.2039 | EI34: 0.0608 | EJ34: 0.1265 | EK34: 0 | EL34: 0 | EM34: 0.0168 | EN34: 0 | EO34: 0 | EP34: 0 | EQ34: 0 | ER34: 0 | ES34: 0 | ET34: 0 | EU34: 0 | EV34: 0 | EW34: 0 | EX34: 0.0618 | EY34: 0 | EZ34: 0.0567 | FA34: 0 | FB34: 0 | FC34: 0 | FD34: 0.1097 | FE34: 0 | FF34: 0 | FG34: 0 | FH34: 0 | FI34: 0 | FJ34: 0 | FK34: 0 | FL34: 0 | FM34: 0 | FN34: 0 | FO34: 0 | FP34: 0
A35: N1214 | B35: F0 | C35: DAC | D35: F0.DAC | E35: =VLOOKUP(A35,[1]RHIZOMES!$A$1:$B$1048576,2,0) -> #N/A | F35: 0.4262 | G35: 1610.1328 | H35: 115.9344 | I35: 364.2188 | J35: 0.693925 | K35: 0.0572 | L35: 46.0884 | M35: 54.7903 | N35: 124.4886 | O35: 105.3937 | P35: 127.9164 | Q35: 119.6049 | R35: 96.7616 | S35: 72.3391 | T35: 46.4132 | U35: 86.0004 | V35: 43.447 | W35: 51.9053 | X35: 48.3332 | Y35: 40.684 | Z35: 50.617 | AA35: 47.6729 | AB35: 57.2493 | AC35: 37.5972 | AD35: 51.6341 | AE35: 34.1396 | AF35: 49.9941 | AG35: 17.138 | AH35: 29.5821 | AI35: 37.5409 | AJ35: 15.1743 | AK35: 29.9312 | AL35: 12.7195 | AM35: 12.5245 | AN35: 12.9943 | AO35: 13.9264 | AP35: 5.8642 | AQ35: 6.2781 | AR35: 3.388 | AS35: 3.3888 | AT35: 2.3661 | AU35: 2.8201 | AV35: 2.0181 | AW35: 0.9841 | AX35: 2.1855 | AY35: 0.3315 | AZ35: 1.021 | BA35: 0.1914 | BB35: 0.1945 | BC35: 0.2295 | BD35: 0.2484 | BE35: 0.1742 | BF35: 0.0132 | BG35: 0.3659 | BH35: 0.0682 | BI35: 0.2337 | BJ35: 0.4133 | BK35: 0.2029 | BL35: 0.1655 | BM35: 0.204 | BN35: 0.4764 | BO35: 0.0132 | BP35: 0.0069 | BQ35: 0.0127 | BR35: 0.0745 | BS35: 0.3469 | BT35: 0.0063 | BU35: 0.0788 | BV35: 0.0227 | BW35: 0.0069 | BX35: 0.0672 | BY35: 0 | BZ35: 0 | CA35: 0.0159 | CB35: 0 | CC35: 0 | CD35: 0 | CE35: 0 | CF35: 0 | CG35: 0 | CH35: 0 | CI35: 0 | CJ35: 0 | CK35: 0 | CL35: 0 | CM35: 0 | CN35: 0.0007 | CO35: 1.0327 | CP35: 2.2676 | CQ35: 7.2119 | CR35: 7.5844 | CS35: 10.8477 | CT35: 12.06 | CU35: 11.4336 | CV35: 9.8066 | CW35: 6.7955 | CX35: 14.2443 | CY35: 7.9329 | CZ35: 10.1747 | DA35: 10.3724 | DB35: 9.2481 | DC35: 12.3246 | DD35: 12.2548 | DE35: 15.7515 | DF35: 10.9231 | DG35: 15.7677 | DH35: 10.9542 | DI35: 16.9713 | DJ35: 6.1062 | DK35: 10.873 | DL35: 14.5563 | DM35: 6.0638 | DN35: 12.4559 | DO35: 5.527 | DP35: 5.5877 | DQ35: 6.0093 | DR35: 6.689 | DS35: 2.9005 | DT35: 3.1963 | DU35: 1.78 | DV35: 1.8314 | DW35: 1.3141 | DX35: 1.6205 | DY35: 1.1954 | DZ35: 0.5908 | EA35: 1.3599 | EB35: 0.2113 | EC35: 0.6622 | ED35: 0.1276 | EE35: 0.1326 | EF35: 0.1607 | EG35: 0.1789 | EH35: 0.1276 | EI35: 0.0099 | EJ35: 0.2785 | EK35: 0.0532 | EL35: 0.1859 | EM35: 0.3334 | EN35: 0.1678 | EO35: 0.14 | EP35: 0.1743 | EQ35: 0.4141 | ER35: 0.0117 | ES35: 0.0062 | ET35: 0.0117 | EU35: 0.0696 | EV35: 0.331 | EW35: 0.0062 | EX35: 0.0778 | EY35: 0.0226 | EZ35: 0.007 | FA35: 0.0691 | FB35: 0 | FC35: 0 | FD35: 0.0172 | FE35: 0 | FF35: 0 | FG35: 0 | FH35: 0 | FI35: 0 | FJ35: 0 | FK35: 0 | FL35: 0 | FM35: 0 | FN35: 0 | FO35: 0 | FP35: 0
A36: N1215 | B36: VWAD | C36: 38 | D36: VWAD.38.4 | G36: 3359.9556 | H36: 210.6019 | I36: 661.6247 | J36: 0.59743333 | K36: 0 | L36: 375.6926 | M36: 331.0767 | N36: 460.309 | O36: 326.7006 | P36: 214.2466 | Q36: 123.7036 | R36: 112.7552 | S36: 64.4861 | T36: 53.771 | U36: 54.3765 | V36: 48.0619 | W36: 48.3358 | X36: 50.9012 | Y36: 42.486 | Z36: 42.0961 | AA36: 42.5826 | AB36: 40.8291 | AC36: 42.5201 | AD36: 43.8033 | AE36: 41.2102 | AF36: 47.4824 | AG36: 47.6541 | AH36: 44.4885 | AI36: 47.4167 | AJ36: 49.3391 | AK36: 55.1928 | AL36: 52.7572 | AM36: 53.0038 | AN36: 50.0967 | AO36: 52.9926 | AP36: 50.9201 | AQ36: 46.8432 | AR36: 41.0473 | AS36: 29.6433 | AT36: 25.2345 | AU36: 21.02 | AV36: 16.2797 | AW36: 10.8324 | AX36: 12.6313 | AY36: 10.6767 | AZ36: 8.4404 | BA36: 5.1876 | BB36: 2.8593 | BC36: 2.4273 | BD36: 2.1197 | BE36: 1.6669 | BF36: 2.2339 | BG36: 1.7472 | BH36: 0.859 | BI36: 1.4206 | BJ36: 0.671 | BK36: 0.5479 | BL36: 0.4069 | BM36: 0.1193 | BN36: 0.0956 | BO36: 0.3028 | BP36: 0.1293 | BQ36: 0.3083 | BR36: 0.0897 | BS36: 0.0069 | BT36: 0.0581 | BU36: 0.1563 | BV36: 0.0137 | BW36: 0.0544 | BX36: 0.4363 | BY36: 0.1952 | BZ36: 0 | CA36: 0.1405 | CB36: 0 | CC36: 0.132 | CD36: 0.0401 | CE36: 0 | CF36: 0 | CG36: 0 | CH36: 0 | CI36: 0 | CJ36: 0 | CK36: 0 | CL36: 0 | CM36: 0 | CN36: 0 | CO36: 9.8728 | CP36: 12.8685 | CQ36: 25.2477 | CR36: 22.736 | CS36: 18.3713 | CT36: 12.5849 | CU36: 13.27 | CV36: 8.5994 | CW36: 8.0069 | CX36: 8.9461 | CY36: 8.6984 | CZ36: 9.4708 | DA36: 10.7848 | DB36: 9.6636 | DC36: 10.2705 | DD36: 11.0246 | DE36: 11.1924 | DF36: 12.3751 | DG36: 13.4193 | DH36: 13.2671 | DI36: 16.0575 | DJ36: 16.8207 | DK36: 16.4412 | DL36: 18.2736 | DM36: 19.7283 | DN36: 22.9635 | DO36: 22.83 | DP36: 23.7107 | DQ36: 23.1932 | DR36: 25.3797 | DS36: 25.2175 | DT36: 23.9188 | DU36: 21.5941 | DV36: 16.0534 | DW36: 14.0688 | DX36: 12.0576 | DY36: 9.5798 | DZ36: 6.5459 | EA36: 7.835 | EB36: 6.7941 | EC36: 5.5004 | ED36: 3.458 | EE36: 1.9542 | EF36: 1.6972 | EG36: 1.5136 | EH36: 1.2166 | EI36: 1.6628 | EJ36: 1.3322 | EK36: 0.6699 | EL36: 1.1245 | EM36: 0.5411 | EN36: 0.5087 | EO36: 0.3401 | EP36: 0.1031 | EQ36: 0.0832 | ER36: 0.2682 | ES36: 0.1165 | ET36: 0.2837 | EU36: 0.0838 | EV36: 0.0065 | EW36: 0.0559 | EX36: 0.1542 | EY36: 0.0137 | EZ36: 0.0553 | FA36: 0.4503 | FB36: 0.2038 | FC36: 0 | FD36: 0.1512 | FE36: 0 | FF36: 0.1463 | FG36: 0.0449 | FH36: 0 | FI36: 0 | FJ36: 0 | FK36: 0 | FL36: 0 | FM36: 0 | FN36: 0 | FO36: 0 | FP36: 0
A37: N1216 | B37: ADVW | C37: 248 | D37: ADVW.248.4 | E37: =VLOOKUP(A37,[1]RHIZOMES!$A$1:$B$1048576,2,0) -> #N/A | F37: 4.233 | G37: 1466.8714 | H37: 203.7666 | I37: 640.1517 | J37: 1.14275 | K37: 0 | L37: 4.807 | M37: 6.9371 | N37: 47.6697 | O37: 86.2543 | P37: 74.8006 | Q37: 118.2415 | R37: 47.9831 | S37: 38.6231 | T37: 36.9482 | U37: 46.4816 | V37: 18.8205 | W37: 32.0878 | X37: 22.9815 | Y37: 14.3995 | Z37: 21.0333 | AA37: 22.6454 | AB37: 22.9675 | AC37: 17.9222 | AD37: 21.9634 | AE37: 13.8704 | AF37: 21.3441 | AG37: 8.6261 | AH37: 16.2552 | AI37: 21.5514 | AJ37: 14.8276 | AK37: 24.5562 | AL37: 14.2286 | AM37: 16.6702 | AN37: 23.7006 | AO37: 30.0028 | AP37: 26.4995 | AQ37: 33.257 | AR37: 31.4067 | AS37: 30.3536 | AT37: 37.4053 | AU37: 34.469 | AV37: 21.339 | AW37: 26.601 | AX37: 31.4033 | AY37: 19.918 | AZ37: 26.2367 | BA37: 13.3647 | BB37: 27.8889 | BC37: 21.3445 | BD37: 12.132 | BE37: 16.471 | BF37: 12.2634 | BG37: 11.3152 | BH37: 9.5692 | BI37: 6.6259 | BJ37: 8.8696 | BK37: 6.978 | BL37: 5.2199 | BM37: 5.4915 | BN37: 3.6898 | BO37: 2.9465 | BP37: 4.4545 | BQ37: 4.0805 | BR37: 4.0998 | BS37: 2.8415 | BT37: 4.2615 | BU37: 3.6671 | BV37: 3.3507 | BW37: 2.4771 | BX37: 1.1249 | BY37: 2.7383 | BZ37: 2.8058 | CA37: 3.1651 | CB37: 1.7538 | CC37: 2.0928 | CD37: 1.2135 | CE37: 2.5439 | CF37: 1.2355 | CG37: 1.6841 | CH37: 1.1698 | CI37: 0.7493 | CJ37: 0.8706 | CK37: 0.374 | CL37: 0.4495 | CM37: 21.165 | CN37: 0 | CO37: 0.1316 | CP37: 0.2755 | CQ37: 2.7191 | CR37: 6.1147 | CS37: 6.2452 | CT37: 11.9294 | CU37: 5.7071 | CV37: 5.1548 | CW37: 5.4304 | CX37: 7.6873 | CY37: 3.4126 | CZ37: 6.2846 | DA37: 4.9773 | DB37: 3.2655 | DC37: 5.0982 | DD37: 5.8649 | DE37: 6.3477 | DF37: 5.2185 | DG37: 6.7266 | DH37: 4.4441 | DI37: 7.2453 | DJ37: 3.0758 | DK37: 5.9614 | DL37: 8.3142 | DM37: 5.9372 | DN37: 10.2436 | DO37: 6.1634 | DP37: 7.4358 | DQ37: 10.9916 | DR37: 14.4472 | DS37: 13.0822 | DT37: 16.9478 | DU37: 16.5476 | DV37: 16.4071 | DW37: 20.7743 | DX37: 19.8048 | DY37: 12.6177 | DZ37: 16.0171 | EA37: 19.49 | EB37: 12.7061 | EC37: 17.1542 | ED37: 8.8803 | EE37: 18.9991 | EF37: 14.9604 | EG37: 8.6949 | EH37: 12.0269 | EI37: 9.1331 | EJ37: 8.6092 | EK37: 7.4385 | EL37: 5.2466 | EM37: 7.1668 | EN37: 5.7682 | EO37: 4.3933 | EP37: 4.693 | EQ37: 3.2196 | ER37: 2.6163 | ES37: 4.0154 | ET37: 3.7546 | EU37: 3.8263 | EV37: 2.702 | EW37: 4.1196 | EX37: 3.6009 | EY37: 3.3446 | EZ37: 2.514 | FA37: 1.1552 | FB37: 2.8581 | FC37: 2.979 | FD37: 3.4053 | FE37: 1.9125 | FF37: 2.3177 | FG37: 1.3635 | FH37: 2.9045 | FI37: 1.4252 | FJ37: 1.9716 | FK37: 1.3862 | FL37: 0.9013 | FM37: 1.0595 | FN37: 0.4602 | FO37: 0.561 | FP37: 31.3752
A38: N1217 | B38: VWAD | C38: 142 | D38: VWAD.142.4 | F38: =VLOOKUP(A38,[1]ROOT!$A$1:$C$1048576,3,0) -> #N/A | G38: 4824.3176 | H38: 189.9723 | I38: 596.8153 | J38: 0.39023333 | K38: 0 | L38: 806.0534 | M38: 1225.9637 | N38: 783.6282 | O38: 1.1831 | P38: 540.2335 | Q38: 168.2225 | R38: 200.7598 | S38: 101.2775 | T38: 18.7203 | U38: 98.7904 | V38: 81.2983 | W38: 41.8691 | X38: 67.684 | Y38: 53.6824 | Z38: 54.8672 | AA38: 26.024 | AB38: 44.3258 | AC38: 17.1592 | AD38: 37.9906 | AE38: 25.5391 | AF38: 40.7732 | AG38: 23.1353 | AH38: 27.9086 | AI38: 30.9226 | AJ38: 10.9981 | AK38: 43.1592 | AL38: 29.7467 | AM38: 14.9609 | AN38: 8.4606 | AO38: 23.6156 | AP38: 24.8282 | AQ38: 23.2344 | AR38: 12.7606 | AS38: 15.8954 | AT38: 18.0753 | AU38: 16.5183 | AV38: 1.3757 | AW38: 12.4766 | AX38: 11.8892 | AY38: 8.0408 | AZ38: 5.3237 | BA38: 4.8059 | BB38: 5.0505 | BC38: 3.0667 | BD38: 1.2325 | BE38: 1.672 | BF38: 0.3889 | BG38: 1.2184 | BH38: 0.9107 | BI38: 0.1476 | BJ38: 0.8964 | BK38: 0.4869 | BL38: 0.6618 | BM38: 0.0761 | BN38: 0.5528 | BO38: 0.0529 | BP38: 0.3474 | BQ38: 0.0127 | BR38: 0.1212 | BS38: 0.0069 | BT38: 0.1412 | BU38: 0.0989 | BV38: 0.0603 | BW38: 0 | BX38: 0 | BY38: 0 | BZ38: 0 | CA38: 0 | CB38: 0 | CC38: 0 | CD38: 0 | CE38: 0 | CF38: 0 | CG38: 0 | CH38: 0 | CI38: 0 | CJ38: 0 | CK38: 0 | CL38: 0 | CM38: 0 | CN38: 0 | CO38: 17.4363 | CP38: 52.208 | CQ38: 47.7976 | CR38: 0.0818 | CS38: 44.8439 | CT38: 17.0732 | CU38: 23.5003 | CV38: 14.066 | CW38: 2.7066 | CX38: 16.0274 | CY38: 14.8467 | CZ38: 8.321 | DA38: 14.2783 | DB38: 12.2036 | DC38: 13.4317 | DD38: 6.6803 | DE38: 12.0768 | DF38: 4.9619 | DG38: 11.5713 | DH38: 8.1971 | DI38: 13.8089 | DJ38: 8.2205 | DK38: 10.3269 | DL38: 12.0241 | DM38: 4.3853 | DN38: 17.9277 | DO38: 12.9572 | DP38: 6.7943 | DQ38: 3.8882 | DR38: 11.2719 | DS38: 12.3321 | DT38: 11.9469 | DU38: 6.7089 | DV38: 8.5405 | DW38: 10.0604 | DX38: 9.5367 | DY38: 0.8151 | DZ38: 7.4703 | EA38: 7.3696 | EB38: 5.1414 | EC38: 3.4712 | ED38: 3.1846 | EE38: 3.4389 | EF38: 2.1508 | EG38: 0.8832 | EH38: 1.2199 | EI38: 0.2892 | EJ38: 0.9365 | EK38: 0.713 | EL38: 0.1177 | EM38: 0.7225 | EN38: 0.4011 | EO38: 0.5585 | EP38: 0.0649 | EQ38: 0.4799 | ER38: 0.0469 | ES38: 0.3157 | ET38: 0.0117 | EU38: 0.1126 | EV38: 0.0065 | EW38: 0.1366 | EX38: 0.0967 | EY38: 0.0597 | EZ38: 0 | FA38: 0 | FB38: 0 | FC38: 0 | FD38: 0 | FE38: 0 | FF38: 0 | FG38: 0 | FH38: 0 | FI38: 0 | FJ38: 0 | FK38: 0 | FL38: 0 | FM38: 0 | FN38: 0 | FO38: 0 | FP38: 0
A39: N1218 | B39: ADVW | C39: 301 | D39: ADVW.301.4 | F39: =VLOOKUP(A39,[1]ROOT!$A$1:$C$1048576,3,0) -> #N/A | G39: 3601.8852 | H39: 174.7418 | I39: 548.9679 | J39: 0.50492 | K39: 0 | L39: 503.4768 | M39: 641.9872 | N39: 519.093 | O39: 0.9466 | P39: 479.4551 | Q39: 153.6793 | R39: 212.6311 | S39: 140.0668 | T39: 23.3026 | U39: 111.4673 | V39: 76.8173 | W39: 35.3733 | X39: 48.3176 | Y39: 43.8283 | Z39: 36.3176 | AA39: 25.268 | AB39: 32.1137 | AC39: 12.8897 | AD39: 34.0778 | AE39: 16.1172 | AF39: 31.7601 | AG39: 11.3975 | AH39: 25.9027 | AI39: 28.8145 | AJ39: 5.0551 | AK39: 32.7965 | AL39: 35.6967 | AM39: 19.7295 | AN39: 15.7135 | AO39: 31.6481 | AP39: 14.2046 | AQ39: 23.0823 | AR39: 18.7445 | AS39: 17.1536 | AT39: 28.7238 | AU39: 25.7148 | AV39: 3.6134 | AW39: 11.4377 | AX39: 11.5697 | AY39: 7.5714 | AZ39: 9.2429 | BA39: 9.2197 | BB39: 7.7629 | BC39: 4.3854 | BD39: 3.0029 | BE39: 3.5039 | BF39: 0.5499 | BG39: 2.6721 | BH39: 1.8767 | BI39: 0.3823 | BJ39: 1.8715 | BK39: 1.9232 | BL39: 1.2953 | BM39: 0.1084 | BN39: 0.8474 | BO39: 0.4004 | BP39: 0.8701 | BQ39: 0.3744 | BR39: 0.6188 | BS39: 0.4835 | BT39: 0.2832 | BU39: 0 | BV39: 0.4077 | BW39: 0.2355 | BX39: 0.3946 | BY39: 0 | BZ39: 0.0201 | CA39: 0.0338 | CB39: 0.0333 | CC39: 0 | CD39: 0.248 | CE39: 0.0064 | CF39: 0.1423 | CG39: 0 | CH39: 0 | CI39: 0 | CJ39: 0 | CK39: 0 | CL39: 0 | CM39: 0 | CN39: 0 | CO39: 10.8106 | CP39: 27.4162 | CQ39: 31.7275 | CR39: 0.0655 | CS39: 39.8689 | CT39: 15.6049 | CU39: 24.8576 | CV39: 19.4426 | CW39: 3.3692 | CX39: 18.0984 | CY39: 14.0529 | CZ39: 7.0162 | DA39: 10.1396 | DB39: 9.963 | DC39: 8.9212 | DD39: 6.4555 | DE39: 8.7951 | DF39: 3.7273 | DG39: 10.3667 | DH39: 5.1794 | DI39: 10.8094 | DJ39: 4.0428 | DK39: 9.5644 | DL39: 11.238 | DM39: 2.011 | DN39: 13.6255 | DO39: 15.5581 | DP39: 8.9585 | DQ39: 7.2317 | DR39: 15.1411 | DS39: 7.053 | DT39: 11.7885 | DU39: 9.8828 | DV39: 9.2153 | DW39: 15.9847 | DX39: 14.8344 | DY39: 2.141 | DZ39: 6.8493 | EA39: 7.1767 | EB39: 4.8412 | EC39: 6.0024 | ED39: 6.1265 | EE39: 5.2993 | EF39: 3.077 | EG39: 2.1507 | EH39: 2.5664 | EI39: 0.409 | EJ39: 2.0337 | EK39: 1.4698 | EL39: 0.3047 | EM39: 1.508 | EN39: 1.5897 | EO39: 1.0952 | EP39: 0.0927 | EQ39: 0.7417 | ER39: 0.3556 | ES39: 0.7845 | ET39: 0.3531 | EU39: 0.5796 | EV39: 0.4601 | EW39: 0.2745 | EX39: 0 | EY39: 0.4046 | EZ39: 0.2391 | FA39: 0.4081 | FB39: 0 | FC39: 0.0212 | FD39: 0.0364 | FE39: 0.0365 | FF39: 0 | FG39: 0.2767 | FH39: 0.0072 | FI39: 0.1639 | FJ39: 0 | FK39: 0 | FL39: 0 | FM39: 0 | FN39: 0 | FO39: 0 | FP39: 0
A40: N1220 | B40: ADVW | C40: 260 | D40: ADVW.260.4 | G40: 1835.5727 | H40: 107.5121 | I40: 337.7591 | J40: 0.59455 | K40: 0.0092 | L40: 147.5192 | M40: 160.5878 | N40: 256.615 | O40: 210.2085 | P40: 137.1914 | Q40: 86.0044 | R40: 88.9515 | S40: 57.9375 | T40: 43.2844 | U40: 32.6439 | V40: 29.6726 | W40: 28.2224 | X40: 22.9252 | Y40: 21.1145 | Z40: 22.5428 | AA40: 21.2374 | AB40: 23.4969 | AC40: 27.6789 | AD40: 27.2425 | AE40: 26.2304 | AF40: 32.2787 | AG40: 24.3694 | AH40: 24.1967 | AI40: 23.9893 | AJ40: 24.1739 | AK40: 28.9893 | AL40: 21.4232 | AM40: 26.6878 | AN40: 20.3187 | AO40: 16.1827 | AP40: 19.5101 | AQ40: 16.9411 | AR40: 12.7111 | AS40: 9.0049 | AT40: 12.1837 | AU40: 9.984 | AV40: 6.8536 | AW40: 8.0894 | AX40: 4.7111 | AY40: 5.0994 | AZ40: 3.4314 | BA40: 3.1052 | BB40: 1.8671 | BC40: 0.9345 | BD40: 0.8996 | BE40: 0.5569 | BF40: 0.9065 | BG40: 0.4951 | BH40: 0.3094 | BI40: 0.4745 | BJ40: 0.5717 | BK40: 0.6025 | BL40: 0.2497 | BM40: 0.1651 | BN40: 0.3825 | BO40: 0.0995 | BP40: 0.0455 | BQ40: 0.0127 | BR40: 0 | BS40: 0.1263 | BT40: 0.0069 | BU40: 0.1168 | BV40: 0.1036 | BW40: 0.0064 | BX40: 0.1847 | BY40: 0.0132 | BZ40: 0 | CA40: 0 | CB40: 0 | CC40: 0 | CD40: 0 | CE40: 0 | CF40: 0 | CG40: 0 | CH40: 0 | CI40: 0 | CJ40: 0 | CK40: 0 | CL40: 0 | CM40: 0 | CN40: 0.0001 | CO40: 3.86 | CP40: 6.3022 | CQ40: 14.1849 | CR40: 14.6143 | CS40: 11.756 | CT40: 8.7409 | CU40: 10.4912 | CV40: 7.7343 | CW40: 6.4205 | CX40: 5.3803 | CY40: 5.366 | CZ40: 5.5424 | DA40: 4.8602 | DB40: 4.808 | DC40: 5.4972 | DD40: 5.4925 | DE40: 6.4558 | DF40: 8.048 | DG40: 8.3621 | DH40: 8.4466 | DI40: 10.9025 | DJ40: 8.5954 | DK40: 8.9218 | DL40: 9.2398 | DM40: 9.6689 | DN40: 12.0602 | DO40: 9.2759 | DP40: 11.9283 | DQ40: 9.4072 | DR40: 7.749 | DS40: 9.6595 | DT40: 8.6452 | DU40: 6.6918 | DV40: 4.8743 | DW40: 6.7902 | DX40: 5.7258 | DY40: 4.0338 | DZ40: 4.8977 | EA40: 2.918 | EB40: 3.2475 | EC40: 2.2427 | ED40: 2.0718 | EE40: 1.2784 | EF40: 0.6541 | EG40: 0.6432 | EH40: 0.4068 | EI40: 0.678 | EJ40: 0.3769 | EK40: 0.2407 | EL40: 0.3787 | EM40: 0.4597 | EN40: 0.4957 | EO40: 0.2099 | EP40: 0.1415 | EQ40: 0.3322 | ER40: 0.0882 | ES40: 0.0409 | ET40: 0.0116 | EU40: 0 | EV40: 0.1207 | EW40: 0.0066 | EX40: 0.1153 | EY40: 0.1031 | EZ40: 0.0065 | FA40: 0.1909 | FB40: 0.0137 | FC40: 0 | FD40: 0 | FE40: 0 | FF40: 0 | FG40: 0 | FH40: 0 | FI40: 0 | FJ40: 0 | FK40: 0 | FL40: 0 | FM40: 0 | FN40: 0 | FO40: 0 | FP40: 0
A41: N1302 | B41: ADVW | C41: 313 | D41: ADVW.313.4 | G41: 3888.1678 | H41: 219.4611 | I41: 689.4576 | J41: 0.68905 | K41: 0 | L41: 638.45 | M41: 732.0195 | N41: 449.2634 | O41: 1.8288 | P41: 349.0862 | Q41: 115.9567 | R41: 156.9949 | S41: 86.4805 | T41: 18.7976 | U41: 102.7596 | V41: 81.3172 | W41: 44.0135 | X41: 56.9786 | Y41: 40.1815 | Z41: 47.0704 | AA41: 29.5071 | AB41: 58.837 | AC41: 26.393 | AD41: 55.6925 | AE41: 30.4056 | AF41: 39.3246 | AG41: 56.622 | AH41: 50.2631 | AI41: 42.0253 | AJ41: 53.7601 | AK41: 79.2395 | AL41: 67.4023 | AM41: 32.4864 | AN41: 26.3245 | AO41: 59.5904 | AP41: 35.9672 | AQ41: 40.3491 | AR41: 26.8558 | AS41: 28.292 | AT41: 30.9541 | AU41: 21.1952 | AV41: 1.696 | AW41: 12.8878 | AX41: 11.9335 | AY41: 6.0789 | AZ41: 5.5038 | BA41: 4.6313 | BB41: 3.7999 | BC41: 4.9316 | BD41: 1.2053 | BE41: 1.8545 | BF41: 1.951 | BG41: 1.8064 | BH41: 1.3784 | BI41: 1.2635 | BJ41: 0.6215 | BK41: 0.6924 | BL41: 1.0499 | BM41: 0.2546 | BN41: 1.3832 | BO41: 0.027 | BP41: 1.2822 | BQ41: 0.4165 | BR41: 0.361 | BS41: 0.7145 | BT41: 1.0587 | BU41: 0.0641 | BV41: 0.2637 | BW41: 0.3541 | BX41: 0.4501 | BY41: 0.0297 | BZ41: 0.052 | CA41: 0.1693 | CB41: 0.0493 | CC41: 0.2856 | CD41: 0.0588 | CE41: 0.352 | CF41: 0.2721 | CG41: 0.2323 | CH41: 0.0831 | CI41: 0.2086 | CJ41: 0.0572 | CK41: 0 | CL41: 0.0317 | CM41: 1.1542 | CN41: 0 | CO41: 13.6629 | CP41: 31.1606 | CQ41: 27.4445 | CR41: 0.1265 | CS41: 29.0401 | CT41: 11.7952 | CU41: 18.3843 | CV41: 12.0177 | CW41: 2.7204 | CX41: 16.6868 | CY41: 14.8668 | CZ41: 8.7628 | DA41: 11.9904 | DB41: 9.1489 | DC41: 11.5533 | DD41: 7.5866 | DE41: 16.1135 | DF41: 7.6389 | DG41: 16.9546 | DH41: 9.7658 | DI41: 13.1793 | DJ41: 19.8988 | DK41: 18.6068 | DL41: 16.2347 | DM41: 21.2459 | DN41: 32.9173 | DO41: 29.3742 | DP41: 14.7692 | DQ41: 12.1092 | DR41: 28.5012 | DS41: 17.8744 | DT41: 20.7004 | DU41: 14.1486 | DV41: 15.2151 | DW41: 17.2253 | DX41: 12.2487 | DY41: 1.0059 | DZ41: 7.724 | EA41: 7.4013 | EB41: 3.8897 | EC41: 3.5923 | ED41: 3.0775 | EE41: 2.5874 | EF41: 3.4479 | EG41: 0.8638 | EH41: 1.3606 | EI41: 1.4456 | EJ41: 1.3761 | EK41: 1.0772 | EL41: 0.9983 | EM41: 0.5014 | EN41: 0.5712 | EO41: 0.8886 | EP41: 0.218 | EQ41: 1.2078 | ER41: 0.024 | ES41: 1.1583 | ET41: 0.3839 | EU41: 0.3366 | EV41: 0.6767 | EW41: 1.0241 | EX41: 0.0629 | EY41: 0.333 | EZ41: 0.359 | FA41: 0.4653 | FB41: 0.0308 | FC41: 0.0547 | FD41: 0.1827 | FE41: 0.0539 | FF41: 0.316 | FG41: 0.066 | FH41: 0.4001 | FI41: 0.3148 | FJ41: 0.2733 | FK41: 0.0985 | FL41: 0.2501 | FM41: 0.0697 | FN41: 0 | FO41: 0.0395 | FP41: 1.56
A42: N1303 | B42: F0 | C42: VS16 | D42: F0.VS16 | G42: 2504.6735 | H42: 219.9414 | I42: 690.9662 | J42: 0.87586667 | K42: 0.0952 | L42: 19.43 | M42: 28.8174 | N42: 142.9254 | O42: 210.7361 | P42: 199.5008 | Q42: 250.8768 | R42: 144.9315 | S42: 98.8019 | T42: 82.6998 | U42: 105.4142 | V42: 46.7673 | W42: 80.0687 | X42: 52.4144 | Y42: 39.6286 | Z42: 42.272 | AA42: 61.6116 | AB42: 65.8113 | AC42: 44.8729 | AD42: 57.2558 | AE42: 36.8691 | AF42: 62.5626 | AG42: 25.0227 | AH42: 53.2506 | AI42: 60.6953 | AJ42: 32.7475 | AK42: 54.7418 | AL42: 38.4746 | AM42: 43.7543 | AN42: 49.0397 | AO42: 43.8774 | AP42: 28.8816 | AQ42: 37.1762 | AR42: 28.1329 | AS42: 15.9125 | AT42: 25.1832 | AU42: 16.3577 | AV42: 10.7826 | AW42: 8.0153 | AX42: 8.7016 | AY42: 6.2526 | AZ42: 5.7245 | BA42: 2.9143 | BB42: 6.1171 | BC42: 3.6405 | BD42: 2.4537 | BE42: 2.2493 | BF42: 2.1362 | BG42: 1.6631 | BH42: 2.06 | BI42: 1.2556 | BJ42: 1.0232 | BK42: 2.4607 | BL42: 0.7441 | BM42: 0.9715 | BN42: 0.9352 | BO42: 0.4656 | BP42: 0.9587 | BQ42: 0.4066 | BR42: 0.4658 | BS42: 0.6927 | BT42: 0.2703 | BU42: 0.1237 | BV42: 0.2126 | BW42: 0.4068 | BX42: 0.2622 | BY42: 0.1189 | BZ42: 0.4637 | CA42: 0.1735 | CB42: 0.13 | CC42: 0.0159 | CD42: 0.0159 | CE42: 0.1317 | CF42: 0.0248 | CG42: 0.1158 | CH42: 0.0317 | CI42: 0.0407 | CJ42: 0.1263 | CK42: 0.0967 | CL42: 0.0069 | CM42: 0.1829 | CN42: 0.0013 | CO42: 0.5097 | CP42: 1.1282 | CQ42: 8.1026 | CR42: 15.2578 | CS42: 17.0954 | CT42: 25.3084 | CU42: 17.2046 | CV42: 13.1733 | CW42: 12.1346 | CX42: 17.5631 | CY42: 8.5173 | CZ42: 15.6609 | DA42: 11.3126 | DB42: 8.9837 | DC42: 10.2567 | DD42: 15.8871 | DE42: 18.1947 | DF42: 13.0528 | DG42: 17.5456 | DH42: 11.8137 | DI42: 21.2198 | DJ42: 8.9522 | DK42: 19.5322 | DL42: 23.4736 | DM42: 13.0935 | DN42: 22.7984 | DO42: 16.6914 | DP42: 19.5031 | DQ42: 22.6818 | DR42: 21.1136 | DS42: 14.2047 | DT42: 18.9099 | DU42: 14.8136 | DV42: 8.5989 | DW42: 14.0049 | DX42: 9.3853 | DY42: 6.3707 | DZ42: 4.824 | EA42: 5.405 | EB42: 3.9848 | EC42: 3.733 | ED42: 1.9358 | EE42: 4.1656 | EF42: 2.5551 | EG42: 1.7556 | EH42: 1.6388 | EI42: 1.5942 | EJ42: 1.2668 | EK42: 1.6021 | EL42: 0.995 | EM42: 0.8269 | EN42: 2.0374 | EO42: 0.625 | EP42: 0.8286 | EQ42: 0.8166 | ER42: 0.4133 | ES42: 0.8834 | ET42: 0.3743 | EU42: 0.4358 | EV42: 0.6594 | EW42: 0.2611 | EX42: 0.1214 | EY42: 0.212 | EZ42: 0.4125 | FA42: 0.2686 | FB42: 0.124 | FC42: 0.4928 | FD42: 0.1862 | FE42: 0.1417 | FF42: 0.0175 | FG42: 0.0179 | FH42: 0.1503 | FI42: 0.0285 | FJ42: 0.136 | FK42: 0.0378 | FL42: 0.0487 | FM42: 0.154 | FN42: 0.1198 | FO42: 0.0085 | FP42: 0.2385
A43: N1304 | B43: VWAD | C43: 30 | D43: VWAD.30.4 | G43: 1154.1952 | H43: 64.1335 | I43: 201.4814 | J43: 0.5557 | K43: 0 | L43: 133.4349 | M43: 101.8955 | N43: 128.3987 | O43: 107.3395 | P43: 83.4629 | Q43: 56.7144 | R43: 67.14 | S43: 49.7015 | T43: 40.1731 | U43: 26.6636 | V43: 27.3563 | W43: 28.4486 | X43: 21.0787 | Y43: 12.1455 | Z43: 9.3363 | AA43: 13.2959 | AB43: 11.899 | AC43: 10.4663 | AD43: 14.4141 | AE43: 14.5223 | AF43: 15.6562 | AG43: 14.3935 | AH43: 14.9758 | AI43: 12.3228 | AJ43: 12.0459 | AK43: 10.946 | AL43: 12.6189 | AM43: 10.4086 | AN43: 10.6253 | AO43: 11.3275 | AP43: 9.2031 | AQ43: 6.8213 | AR43: 6.0771 | AS43: 5.4861 | AT43: 6.409 | AU43: 5.8188 | AV43: 4.585 | AW43: 1.7161 | AX43: 1.7801 | AY43: 3.0816 | AZ43: 3.4973 | BA43: 3.5956 | BB43: 2.0232 | BC43: 2.5135 | BD43: 2.1313 | BE43: 1.4088 | BF43: 1.0639 | BG43: 1.3605 | BH43: 0.3739 | BI43: 0.3658 | BJ43: 0.0772 | BK43: 0.3379 | BL43: 0 | BM43: 0.0613 | BN43: 0.2475 | BO43: 0.0555 | BP43: 0 | BQ43: 0 | BR43: 0.0978 | BS43: 0 | BT43: 0 | BU43: 0 | BV43: 0.0275 | BW43: 0.2029 | BX43: 0 | BY43: 0 | BZ43: 0 | CA43: 0 | CB43: 0 | CC43: 0.0941 | CD43: 0 | CE43: 0 | CF43: 0 | CG43: 0 | CH43: 0 | CI43: 0 | CJ43: 0 | CK43: 0 | CL43: 0.0338 | CM43: 0 | CN43: 0 | CO43: 3.4576 | CP43: 3.9493 | CQ43: 7.0379 | CR43: 7.5115 | CS43: 7.158 | CT43: 5.7834 | CU43: 7.9185 | CV43: 6.6476 | CW43: 5.9597 | CX43: 4.3842 | CY43: 4.9724 | CZ43: 5.5837 | DA43: 4.443 | DB43: 2.7606 | DC43: 2.278 | DD43: 3.4401 | DE43: 3.2717 | DF43: 3.0436 | DG43: 4.4269 | DH43: 4.6737 | DI43: 5.2975 | DJ43: 5.0765 | DK43: 5.5257 | DL43: 4.7405 | DM43: 4.8218 | DN43: 4.5482 | DO43: 5.4649 | DP43: 4.6517 | DQ43: 4.9215 | DR43: 5.4342 | DS43: 4.5571 | DT43: 3.4789 | DU43: 3.1988 | DV43: 2.9707 | DW43: 3.5717 | DX43: 3.345 | DY43: 2.6946 | DZ43: 1.0377 | EA43: 1.104 | EB43: 1.9631 | EC43: 2.2798 | ED43: 2.4027 | EE43: 1.3816 | EF43: 1.7581 | EG43: 1.5249 | EH43: 1.029 | EI43: 0.7937 | EJ43: 1.0312 | EK43: 0.2906 | EL43: 0.2901 | EM43: 0.0625 | EN43: 0.2784 | EO43: 0 | EP43: 0.0591 | EQ43: 0.216 | ER43: 0.0493 | ES43: 0 | ET43: 0 | EU43: 0.0922 | EV43: 0 | EW43: 0 | EX43: 0 | EY43: 0.0273 | EZ43: 0.2046 | FA43: 0 | FB43: 0 | FC43: 0 | FD43: 0 | FE43: 0 | FF43: 0.1036 | FG43: 0 | FH43: 0 | FI43: 0 | FJ43: 0 | FK43: 0 | FL43: 0 | FM43: 0 | FN43: 0 | FO43: 0.0425 | FP43: 0
A44: N1308 | B44: VWAD | C44: 35 | D44: VWAD.35.4 | E44: =VLOOKUP(A44,[1]RHIZOMES!$A$1:$B$1048576,2,0) -> #N/A | F44: 2.8093 | G44: 1526.1128 | H44: 169.1887 | I44: 531.5219 | J44: 1.08725 | K44: 0 | L44: 4.2742 | M44: 7.6294 | N44: 47.2538 | O44: 97.4013 | P44: 92.6341 | Q44: 141.6582 | R44: 88.0751 | S44: 77.7701 | T44: 61.6303 | U44: 77.8765 | V44: 38.0539 | W44: 65.8428 | X44: 37.1523 | Y44: 21.9276 | Z44: 29.3236 | AA44: 31.7407 | AB44: 28.8743 | AC44: 19.2606 | AD44: 24.1651 | AE44: 17.4698 | AF44: 21.2159 | AG44: 7.8482 | AH44: 16.7121 | AI44: 23.7347 | AJ44: 12.9894 | AK44: 23.4818 | AL44: 13.319 | AM44: 19.2539 | AN44: 20.7346 | AO44: 19.4526 | AP44: 17.6973 | AQ44: 19.1622 | AR44: 19.9299 | AS44: 19.2385 | AT44: 21.0353 | AU44: 24.314 | AV44: 10.3806 | AW44: 16.2349 | AX44: 18.1795 | AY44: 13.44 | AZ44: 16.9 | BA44: 7.9849 | BB44: 13.2182 | BC44: 11.0188 | BD44: 6.638 | BE44: 7.1321 | BF44: 6.5893 | BG44: 6.3614 | BH44: 5.4879 | BI44: 3.9029 | BJ44: 3.9962 | BK44: 5.3487 | BL44: 2.8615 | BM44: 2.8996 | BN44: 4.6512 | BO44: 2.3809 | BP44: 2.4952 | BQ44: 1.8225 | BR44: 2.2538 | BS44: 2.4539 | BT44: 3.1983 | BU44: 1.149 | BV44: 2.193 | BW44: 2.567 | BX44: 1.1878 | BY44: 2.16 | BZ44: 1.6964 | CA44: 0.9413 | CB44: 1.2267 | CC44: 2.273 | CD44: 1.3791 | CE44: 1.2338 | CF44: 1.1262 | CG44: 1.0237 | CH44: 0.8053 | CI44: 1.2094 | CJ44: 0.8666 | CK44: 1.3852 | CL44: 0.3797 | CM44: 12.6765 | CN44: 0 | CO44: 0.1211 | CP44: 0.3017 | CQ44: 2.7231 | CR44: 6.9751 | CS44: 7.7474 | CT44: 14.3095 | CU44: 10.4842 | CV44: 10.3747 | CW44: 9.038 | CX44: 12.9268 | CY44: 6.9059 | CZ44: 12.895 | DA44: 8.0179 | DB44: 4.9654 | DC44: 7.1007 | DD44: 8.2061 | DE44: 7.9781 | DF44: 5.5941 | DG44: 7.3967 | DH44: 5.5961 | DI44: 7.2052 | DJ44: 2.7972 | DK44: 6.1305 | DL44: 9.1645 | DM44: 5.2025 | DN44: 9.7916 | DO44: 5.7703 | DP44: 8.5757 | DQ44: 9.5991 | DR44: 9.3477 | DS44: 8.7285 | DT44: 9.7685 | DU44: 10.476 | DV44: 10.3818 | DW44: 11.6884 | DX44: 13.9584 | DY44: 6.1316 | DZ44: 9.7847 | EA44: 11.2905 | EB44: 8.5753 | EC44: 11.0496 | ED44: 5.3112 | EE44: 9.007 | EF44: 7.7272 | EG44: 4.7525 | EH44: 5.2097 | EI44: 4.912 | EJ44: 4.8355 | EK44: 4.2652 | EL44: 3.0952 | EM44: 3.2333 | EN44: 4.4236 | EO44: 2.408 | EP44: 2.4788 | EQ44: 4.0617 | ER44: 2.1093 | ES44: 2.2552 | ET44: 1.6781 | EU44: 2.1097 | EV44: 2.3287 | EW44: 3.086 | EX44: 1.1286 | EY44: 2.179 | EZ44: 2.5983 | FA44: 1.2247 | FB44: 2.2555 | FC44: 1.7996 | FD44: 1.0127 | FE44: 1.3369 | FF44: 2.5198 | FG44: 1.5538 | FH44: 1.4014 | FI44: 1.3015 | FJ44: 1.1981 | FK44: 0.9559 | FL44: 1.4557 | FM44: 1.0536 | FN44: 1.7077 | FO44: 0.4742 | FP44: 18.7336
A45: N1309 | B45: F0 | C45: WBC | D45: F0.WBC | G45: 2979.4937 | H45: 374.5738 | I45: 1176.7583 | J45: 1.2695 | K45: 0.0603 | L45: 21.7917 | M45: 27.4572 | N45: 100.9186 | O45: 154.1871 | P45: 183.232 | Q45: 263.7097 | R45: 156.1791 | S45: 119.0023 | T45: 98.3905 | U45: 121.8939 | V45: 49.9073 | W45: 76.2306 | X45: 50.7351 | Y45: 39.7273 | Z45: 46.2218 | AA45: 52.6219 | AB45: 51.4922 | AC45: 38.1004 | AD45: 54.3144 | AE45: 36.6872 | AF45: 50.431 | AG45: 21.6841 | AH45: 34.6345 | AI45: 41.4945 | AJ45: 17.983 | AK45: 40.6655 | AL45: 23.2166 | AM45: 27.3026 | AN45: 34.207 | AO45: 33.9479 | AP45: 30.9638 | AQ45: 36.4275 | AR45: 45.6545 | AS45: 32.4261 | AT45: 52.4162 | AU45: 47.5193 | AV45: 23.1343 | AW45: 36.0738 | AX45: 41.6379 | AY45: 27.2834 | AZ45: 41.0571 | BA45: 19.657 | BB45: 42.2446 | BC45: 30.3891 | BD45: 27.8148 | BE45: 24.9784 | BF45: 25.7173 | BG45: 32.3263 | BH45: 34.1348 | BI45: 23.4211 | BJ45: 21.0873 | BK45: 24.5333 | BL45: 16.8187 | BM45: 22.3345 | BN45: 20.0528 | BO45: 14.7205 | BP45: 14.684 | BQ45: 11.5638 | BR45: 11.8021 | BS45: 9.9144 | BT45: 10.2045 | BU45: 4.0214 | BV45: 6.5541 | BW45: 5.1187 | BX45: 2.6481 | BY45: 2.4419 | BZ45: 4.2555 | CA45: 3.6093 | CB45: 2.5711 | CC45: 1.9643 | CD45: 3.4347 | CE45: 2.3274 | CF45: 0.9206 | CG45: 2.2599 | CH45: 0.4541 | CI45: 0.9298 | CJ45: 1.4751 | CK45: 1.0983 | CL45: 0.6034 | CM45: 11.057 | CN45: 0.0007 | CO45: 0.5699 | CP45: 1.0777 | CQ45: 5.7215 | CR45: 11.2441 | CS45: 15.8562 | CT45: 26.6314 | CU45: 18.5266 | CV45: 15.8541 | CW45: 14.4299 | CX45: 20.2291 | CY45: 9.0913 | CZ45: 14.9311 | DA45: 10.9417 | DB45: 9.006 | DC45: 11.1883 | DD45: 13.5647 | DE45: 14.2287 | DF45: 11.0878 | DG45: 16.6411 | DH45: 11.7464 | DI45: 17.1083 | DJ45: 7.74 | DK45: 12.707 | DL45: 16.04 | DM45: 7.1917 | DN45: 16.9419 | DO45: 10.0532 | DP45: 12.1541 | DQ45: 15.8333 | DR45: 16.3553 | DS45: 15.2726 | DT45: 18.5447 | DU45: 24.055 | DV45: 17.5353 | DW45: 29.1254 | DX45: 27.2758 | DY45: 13.6791 | DZ45: 21.7409 | EA45: 25.8492 | EB45: 17.3853 | EC45: 26.8139 | ED45: 13.056 | EE45: 28.772 | EF45: 21.3069 | EG45: 19.9494 | EH45: 18.2716 | EI45: 19.1472 | EJ45: 24.5887 | EK45: 26.579 | EL45: 18.576 | EM45: 17.0381 | EN45: 20.2482 | EO45: 14.1556 | EP45: 19.1188 | EQ45: 17.4995 | ER45: 13.0625 | ES45: 13.2398 | ET45: 10.614 | EU45: 11.0264 | EV45: 9.4338 | EW45: 9.8649 | EX45: 3.941 | EY45: 6.521 | EZ45: 5.1905 | FA45: 2.7319 | FB45: 2.5425 | FC45: 4.4973 | FD45: 3.8872 | FE45: 2.8106 | FF45: 2.1801 | FG45: 3.8563 | FH45: 2.6542 | FI45: 1.0627 | FJ45: 2.6456 | FK45: 0.5389 | FL45: 1.1158 | FM45: 1.7969 | FN45: 1.3553 | FO45: 0.7529 | FP45: 15.7391
A46: N1310 | B46: ADVW | C46: 261 | D46: ADVW.261.4 | G46: 2304.6939 | H46: 187.8463 | I46: 590.1365 | J46: 0.833875 | K46: 0 | L46: 127.7233 | M46: 119.9002 | N46: 170.6575 | O46: 152.8844 | P46: 121.9677 | Q46: 86.4084 | R46: 87.6222 | S46: 46.0295 | T46: 53.6213 | U46: 61.6451 | V46: 47.4975 | W46: 43.0524 | X46: 42.9627 | Y46: 36.6058 | Z46: 39.3189 | AA46: 39.4096 | AB46: 38.5264 | AC46: 37.3965 | AD46: 46.6717 | AE46: 51.6016 | AF46: 63.1117 | AG46: 59.351 | AH46: 58.0863 | AI46: 60.823 | AJ46: 65.0853 | AK46: 79.8889 | AL46: 70.1846 | AM46: 56.882 | AN46: 52.3785 | AO46: 52.462 | AP46: 45.8287 | AQ46: 38.3846 | AR46: 38.1054 | AS46: 25.3599 | AT46: 28.5453 | AU46: 17.9977 | AV46: 10.2924 | AW46: 6.7278 | AX46: 5.2265 | AY46: 3.5348 | AZ46: 1.6217 | BA46: 3.3616 | BB46: 1.7529 | BC46: 1.2563 | BD46: 1.165 | BE46: 1.2812 | BF46: 0.6114 | BG46: 0.5523 | BH46: 0.385 | BI46: 0.3237 | BJ46: 0.1774 | BK46: 0.3626 | BL46: 0.2047 | BM46: 0.0517 | BN46: 0.2092 | BO46: 0.048 | BP46: 0.029 | BQ46: 0.1077 | BR46: 0.0723 | BS46: 0.0517 | BT46: 0.0454 | BU46: 0.0069 | BV46: 0 | BW46: 0 | BX46: 0 | BY46: 0 | BZ46: 0 | CA46: 0 | CB46: 0 | CC46: 0 | CD46: 0.0902 | CE46: 0 | CF46: 0 | CG46: 0 | CH46: 0 | CI46: 0 | CJ46: 0 | CK46: 0 | CL46: 0 | CM46: 0 | CN46: 0 | CO46: 3.3784 | CP46: 4.5981 | CQ46: 9.3991 | CR46: 10.6469 | CS46: 10.5084 | CT46: 8.8103 | CU46: 10.333 | CV46: 6.1453 | CW46: 7.992 | CX46: 10.1202 | CY46: 8.5797 | CZ46: 8.4498 | DA46: 9.094 | DB46: 8.3416 | DC46: 9.5973 | DD46: 10.2018 | DE46: 10.5753 | DF46: 10.8647 | DG46: 14.2908 | DH46: 16.6067 | DI46: 21.3516 | DJ46: 20.932 | DK46: 21.4379 | DL46: 23.4281 | DM46: 26.0214 | DN46: 33.2326 | DO46: 30.3731 | DP46: 25.4481 | DQ46: 24.265 | DR46: 25.1267 | DS46: 22.6986 | DT46: 19.5839 | DU46: 20.0501 | DV46: 13.7203 | DW46: 15.8886 | DX46: 10.327 | DY46: 6.0565 | DZ46: 4.0688 | EA46: 3.2367 | EB46: 2.2529 | EC46: 1.0566 | ED46: 2.2425 | EE46: 1.1989 | EF46: 0.8761 | EG46: 0.8312 | EH46: 0.9329 | EI46: 0.4545 | EJ46: 0.4221 | EK46: 0.3002 | EL46: 0.2569 | EM46: 0.1438 | EN46: 0.2983 | EO46: 0.1721 | EP46: 0.0442 | EQ46: 0.1818 | ER46: 0.0426 | ES46: 0.0263 | ET46: 0.0989 | EU46: 0.0677 | EV46: 0.0489 | EW46: 0.0439 | EX46: 0.0068 | EY46: 0 | EZ46: 0 | FA46: 0 | FB46: 0 | FC46: 0 | FD46: 0 | FE46: 0 | FF46: 0 | FG46: 0.101 | FH46: 0 | FI46: 0 | FJ46: 0 | FK46: 0 | FL46: 0 | FM46: 0 | FN46: 0 | FO46: 0 | FP46: 0
A47: N1312 | B47: =#N/A -> #N/A | C47: =#N/A -> #N/A | D47: =#N/A -> #N/A | G47: 2689.3926 | H47: 210.0984 | I47: 660.0437 | J47: 0.7196 | K47: 0.0191 | L47: 228.9917 | M47: 213.8627 | N47: 304.945 | O47: 228.4872 | P47: 155.6218 | Q47: 104.5381 | R47: 96.5709 | S47: 59.9408 | T47: 54.6764 | U47: 61.9708 | V47: 52.9868 | W47: 38.6487 | X47: 43.2786 | Y47: 37.9599 | Z47: 37.4862 | AA47: 35.8242 | AB47: 27.1465 | AC47: 30.3279 | AD47: 41.6404 | AE47: 35.4076 | AF47: 39.1658 | AG47: 40.1508 | AH47: 37.0892 | AI47: 31.7739 | AJ47: 39.8498 | AK47: 43.0468 | AL47: 44.8298 | AM47: 39.5071 | AN47: 37.9547 | AO47: 40.6066 | AP47: 36.0788 | AQ47: 34.78 | AR47: 40.0488 | AS47: 35.3804 | AT47: 32.1015 | AU47: 25.6601 | AV47: 20.3238 | AW47: 16.5843 | AX47: 16.8163 | AY47: 14.9615 | AZ47: 13.1426 | BA47: 13.1231 | BB47: 7.8723 | BC47: 6.0025 | BD47: 8.7039 | BE47: 6.3788 | BF47: 5.7197 | BG47: 5.3519 | BH47: 3.6599 | BI47: 4.1041 | BJ47: 5.4804 | BK47: 4.4951 | BL47: 2.9947 | BM47: 2.8363 | BN47: 3.1942 | BO47: 2.9538 | BP47: 2.7013 | BQ47: 4.2391 | BR47: 2.0981 | BS47: 2.4777 | BT47: 2.5906 | BU47: 1.2546 | BV47: 1.3252 | BW47: 2.0907 | BX47: 0.8816 | BY47: 0.7794 | BZ47: 1.2426 | CA47: 0.7192 | CB47: 0.585 | CC47: 1.1208 | CD47: 0.5909 | CE47: 1.3488 | CF47: 0.5122 | CG47: 0.4701 | CH47: 0.5151 | CI47: 1.0339 | CJ47: 0.1576 | CK47: 0.6814 | CL47: 0.4331 | CM47: 5.4816 | CN47: 0.0002 | CO47: 6.0568 | CP47: 8.3021 | CQ47: 16.7442 | CR47: 15.8755 | CS47: 13.39 | CT47: 10.6608 | CU47: 11.3784 | CV47: 7.9924 | CW47: 8.1453 | CX47: 10.2081 | CY47: 9.5894 | CZ47: 7.5861 | DA47: 9.1549 | DB47: 8.6586 | DC47: 9.1344 | DD47: 9.2753 | DE47: 7.449 | DF47: 8.8298 | DG47: 12.7418 | DH47: 11.4112 | DI47: 13.2688 | DJ47: 14.1488 | DK47: 13.6918 | DL47: 12.2362 | DM47: 15.9583 | DN47: 17.9162 | DO47: 19.3786 | DP47: 17.6805 | DQ47: 17.5631 | DR47: 19.4478 | DS47: 17.8741 | DT47: 17.7383 | DU47: 21.0813 | DV47: 19.1694 | DW47: 17.882 | DX47: 14.7292 | DY47: 11.9661 | DZ47: 10.0129 | EA47: 10.4442 | EB47: 9.5192 | EC47: 8.5665 | ED47: 8.7494 | EE47: 5.3829 | EF47: 4.1955 | EG47: 6.2192 | EH47: 4.6643 | EI47: 4.2631 | EJ47: 4.0789 | EK47: 2.8438 | EL47: 3.2575 | EM47: 4.4377 | EN47: 3.7062 | EO47: 2.5139 | EP47: 2.4299 | EQ47: 2.7885 | ER47: 2.6199 | ES47: 2.4391 | ET47: 3.8878 | EU47: 1.9668 | EV47: 2.3529 | EW47: 2.5062 | EX47: 1.2309 | EY47: 1.3196 | EZ47: 2.1185 | FA47: 0.9066 | FB47: 0.8124 | FC47: 1.318 | FD47: 0.7743 | FE47: 0.6381 | FF47: 1.245 | FG47: 0.6639 | FH47: 1.5392 | FI47: 0.5924 | FJ47: 0.5518 | FK47: 0.6123 | FL47: 1.2428 | FM47: 0.1921 | FN47: 0.8425 | FO47: 0.5413 | FP47: 7.8077
A48: N1313 | B48: ADVW | C48: 317 | D48: ADVW.317.4 | E48: =VLOOKUP(A48,[1]RHIZOMES!$A$1:$B$1048576,2,0) -> #N/A | F48: =VLOOKUP(A48,[1]ROOT!$A$1:$C$1048576,3,0) -> #N/A | G48: 3715.0725 | H48: 285.3637 | I48: 896.4967 | J48: 0.7804 | K48: 0 | L48: 469.9247 | M48: 546.2345 | N48: 337.0922 | O48: 1.3291 | P48: 292.496 | Q48: 104.0458 | R48: 148.4235 | S48: 100.9054 | T48: 18.6385 | U48: 100.1953 | V48: 76.9807 | W48: 37.3273 | X48: 57.2123 | Y48: 47.188 | Z48: 42.134 | AA48: 28.9777 | AB48: 64.5412 | AC48: 28.3951 | AD48: 66.1916 | AE48: 40.9433 | AF48: 75.1892 | AG48: 33.5424 | AH48: 57.0225 | AI48: 72.4187 | AJ48: 14.7053 | AK48: 80.9773 | AL48: 73.4068 | AM48: 40.8507 | AN48: 30.7488 | AO48: 79.2279 | AP48: 45.6328 | AQ48: 61.1813 | AR48: 41.0879 | AS48: 47.3899 | AT48: 69.8101 | AU48: 58.9692 | AV48: 3.5995 | AW48: 38.6131 | AX48: 35.3057 | AY48: 18.5103 | AZ48: 13.4642 | BA48: 15.7714 | BB48: 18.9099 | BC48: 9.7479 | BD48: 6.0294 | BE48: 7.1134 | BF48: 2.3282 | BG48: 7.5164 | BH48: 4.8487 | BI48: 1.3778 | BJ48: 2.8516 | BK48: 3.2847 | BL48: 2.3576 | BM48: 1.8792 | BN48: 2.9887 | BO48: 0.7388 | BP48: 2.8335 | BQ48: 1.4642 | BR48: 1.6642 | BS48: 1.6215 | BT48: 2.2658 | BU48: 0.6741 | BV48: 0.8857 | BW48: 1.1736 | BX48: 0.9206 | BY48: 0.5051 | BZ48: 0.6409 | CA48: 0.9222 | CB48: 1.3378 | CC48: 0.0613 | CD48: 1.1486 | CE48: 0.5987 | CF48: 0.5452 | CG48: 0.1152 | CH48: 0.0274 | CI48: 0.7153 | CJ48: 0.2585 | CK48: 0.4072 | CL48: 0.1464 | CM48: 4.459 | CN48: 0 | CO48: 10.0974 | CP48: 23.2486 | CQ48: 20.571 | CR48: 0.0918 | CS48: 24.3602 | CT48: 10.5686 | CU48: 17.3347 | CV48: 14.0036 | CW48: 2.6948 | CX48: 16.269 | CY48: 14.0731 | CZ48: 7.4047 | DA48: 11.9918 | DB48: 10.7287 | DC48: 10.3411 | DD48: 7.407 | DE48: 17.6993 | DF48: 8.211 | DG48: 20.1366 | DH48: 13.1571 | DI48: 25.5498 | DJ48: 11.9046 | DK48: 21.0704 | DL48: 28.205 | DM48: 5.8518 | DN48: 33.6311 | DO48: 31.9878 | DP48: 18.5461 | DQ48: 14.1399 | DR48: 37.904 | DS48: 22.6631 | DT48: 31.3167 | DU48: 21.6302 | DV48: 25.4618 | DW48: 38.8294 | DX48: 34.0348 | DY48: 2.1328 | DZ48: 23.1227 | EA48: 21.8787 | EB48: 11.8339 | EC48: 8.7616 | ED48: 10.4733 | EE48: 12.8906 | EF48: 6.8402 | EG48: 4.3186 | EH48: 5.2134 | EI48: 1.7313 | EJ48: 5.7216 | EK48: 3.7977 | EL48: 1.094 | EM48: 2.2978 | EN48: 2.7018 | EO48: 1.9921 | EP48: 1.6079 | EQ48: 2.6122 | ER48: 0.6563 | ES48: 2.5812 | ET48: 1.348 | EU48: 1.5539 | EV48: 1.5365 | EW48: 2.1905 | EX48: 0.6642 | EY48: 0.8779 | EZ48: 1.1904 | FA48: 0.9522 | FB48: 0.5252 | FC48: 0.6777 | FD48: 1.0638 | FE48: 1.4654 | FF48: 0.0676 | FG48: 1.2855 | FH48: 0.6805 | FI48: 0.6305 | FJ48: 0.1357 | FK48: 0.0326 | FL48: 0.8568 | FM48: 0.3149 | FN48: 0.5044 | FO48: 0.1823 | FP48: 6.0342
A49: N1314 | B49: VWAD | C49: 21 | D49: VWAD.21.4 | F49: =VLOOKUP(A49,[1]ROOT!$A$1:$C$1048576,3,0) -> #N/A | G49: 1598.9174 | H49: 80.298 | I49: 252.2635 | J49: 0.50335 | K49: 0.0254 | L49: 11.0898 | M49: 25.7212 | N49: 183.1223 | O49: 195.4439 | P49: 148.8781 | Q49: 278.9358 | R49: 143.1627 | S49: 133.5797 | T49: 109.6088 | U49: 111.8873 | V49: 41.8651 | W49: 60.805 | X49: 28.5456 | Y49: 17.2043 | Z49: 19.4713 | AA49: 16.9882 | AB49: 12.8799 | AC49: 7.616 | AD49: 10.1437 | AE49: 6.1361 | AF49: 6.8196 | AG49: 2.7737 | AH49: 4.42 | AI49: 3.8954 | AJ49: 3.145 | AK49: 3.371 | AL49: 1.8343 | AM49: 2.0385 | AN49: 1.966 | AO49: 1.1213 | AP49: 0.5814 | AQ49: 0.5823 | AR49: 0.6598 | AS49: 0.1998 | AT49: 0.4862 | AU49: 0.0725 | AV49: 0.0069 | AW49: 0.1468 | AX49: 0.2946 | AY49: 0.065 | AZ49: 0 | BA49: 0 | BB49: 0 | BC49: 0 | BD49: 0 | BE49: 0.1206 | BF49: 0 | BG49: 0 | BH49: 0.0524 | BI49: 0 | BJ49: 0 | BK49: 0 | BL49: 0 | BM49: 0 | BN49: 0 | BO49: 0 | BP49: 0 | BQ49: 0 | BR49: 0 | BS49: 0 | BT49: 0 | BU49: 0 | BV49: 0 | BW49: 0 | BX49: 0 | BY49: 0 | BZ49: 0 | CA49: 0 | CB49: 0 | CC49: 0 | CD49: 0 | CE49: 0 | CF49: 0 | CG49: 0 | CH49: 0 | CI49: 0 | CJ49: 0 | CK49: 0 | CL49: 0 | CM49: 0 | CN49: 0.0003 | CO49: 0.3028 | CP49: 1.005 | CQ49: 10.321 | CR49: 13.7313 | CS49: 12.3515 | CT49: 28.1704 | CU49: 17.0453 | CV49: 17.8111 | CW49: 16.0813 | CX49: 18.5329 | CY49: 7.5969 | CZ49: 11.9101 | DA49: 6.1454 | DB49: 3.8899 | DC49: 4.7161 | DD49: 4.3846 | DE49: 3.5558 | DF49: 2.2222 | DG49: 3.1037 | DH49: 1.9653 | DI49: 2.3143 | DJ49: 0.9886 | DK49: 1.6284 | DL49: 1.5032 | DM49: 1.2546 | DN49: 1.4058 | DO49: 0.7911 | DP49: 0.9083 | DQ49: 0.9092 | DR49: 0.5399 | DS49: 0.2876 | DT49: 0.2959 | DU49: 0.3454 | DV49: 0.1072 | DW49: 0.2706 | DX49: 0.0417 | DY49: 0.0041 | DZ49: 0.0995 | EA49: 0.1837 | EB49: 0.041 | EC49: 0 | ED49: 0 | EE49: 0 | EF49: 0 | EG49: 0 | EH49: 0.0882 | EI49: 0 | EJ49: 0 | EK49: 0.0409 | EL49: 0 | EM49: 0 | EN49: 0 | EO49: 0 | EP49: 0 | EQ49: 0 | ER49: 0 | ES49: 0 | ET49: 0 | EU49: 0 | EV49: 0 | EW49: 0 | EX49: 0 | EY49: 0 | EZ49: 0 | FA49: 0 | FB49: 0 | FC49: 0 | FD49: 0 | FE49: 0 | FF49: 0 | FG49: 0 | FH49: 0 | FI49: 0 | FJ49: 0 | FK49: 0 | FL49: 0 | FM49: 0 | FN49: 0 | FO49: 0 | FP49: 0
A50: N1316 | B50: VWAD | C50: 76 | D50: VWAD.76.4 | G50: 1426.2946 | H50: 52.4636 | I50: 164.8194 | J50: 0.3638 | K50: 0 | L50: 124.312 | M50: 143.9154 | N50: 266.2709 | O50: 217.0382 | P50: 156.678 | Q50: 88.6676 | R50: 76.4357 | S50: 38.2603 | T50: 40.2059 | U50: 35.3816 | V50: 30.1759 | W50: 23.1705 | X50: 20.273 | Y50: 18.8487 | Z50: 18.3353 | AA50: 13.6042 | AB50: 10.6168 | AC50: 15.6339 | AD50: 16.0388 | AE50: 16.5031 | AF50: 14.7472 | AG50: 9.7154 | AH50: 5.9931 | AI50: 5.3334 | AJ50: 4.2943 | AK50: 4.3738 | AL50: 3.3118 | AM50: 1.7559 | AN50: 1.0656 | AO50: 1.5354 | AP50: 0.7843 | AQ50: 0.4497 | AR50: 0.3933 | AS50: 0.4396 | AT50: 0.0898 | AU50: 0.2173 | AV50: 0.0693 | AW50: 0.3597 | AX50: 0.3819 | AY50: 0.027 | AZ50: 0.2035 | BA50: 0.0069 | BB50: 0 | BC50: 0 | BD50: 0 | BE50: 0 | BF50: 0 | BG50: 0 | BH50: 0 | BI50: 0 | BJ50: 0 | BK50: 0 | BL50: 0 | BM50: 0 | BN50: 0 | BO50: 0 | BP50: 0 | BQ50: 0 | BR50: 0 | BS50: 0 | BT50: 0 | BU50: 0 | BV50: 0 | BW50: 0 | BX50: 0 | BY50: 0 | BZ50: 0 | CA50: 0 | CB50: 0 | CC50: 0 | CD50: 0 | CE50: 0 | CF50: 0 | CG50: 0 | CH50: 0 | CI50: 0 | CJ50: 0 | CK50: 0 | CL50: 0 | CM50: 0 | CN50: 0 | CO50: 3.2664 | CP50: 5.7127 | CQ50: 14.7192 | CR50: 15.1291 | CS50: 13.3983 | CT50: 9.0034 | CU50: 8.9825 | CV50: 5.1157 | CW50: 5.9854 | CX50: 5.806 | CY50: 5.4552 | CZ50: 4.552 | DA50: 4.2916 | DB50: 4.2964 | DC50: 4.4604 | DD50: 3.5285 | DE50: 2.9239 | DF50: 4.5536 | DG50: 4.9092 | DH50: 5.3119 | DI50: 4.9869 | DJ50: 3.4223 | DK50: 2.2123 | DL50: 2.0544 | DM50: 1.72 | DN50: 1.8141 | DO50: 1.4263 | DP50: 0.7849 | DQ50: 0.4933 | DR50: 0.7339 | DS50: 0.3899 | DT50: 0.2301 | DU50: 0.2055 | DV50: 0.2359 | DW50: 0.0503 | DX50: 0.1241 | DY50: 0.0405 | DZ50: 0.2166 | EA50: 0.2385 | EB50: 0.0171 | EC50: 0.1319 | ED50: 0.0045 | EE50: 0 | EF50: 0 | EG50: 0 | EH50: 0 | EI50: 0 | EJ50: 0 | EK50: 0 | EL50: 0 | EM50: 0 | EN50: 0 | EO50: 0 | EP50: 0 | EQ50: 0 | ER50: 0 | ES50: 0 | ET50: 0 | EU50: 0 | EV50: 0 | EW50: 0 | EX50: 0 | EY50: 0 | EZ50: 0 | FA50: 0 | FB50: 0 | FC50: 0 | FD50: 0 | FE50: 0 | FF50: 0 | FG50: 0 | FH50: 0 | FI50: 0 | FJ50: 0 | FK50: 0 | FL50: 0 | FM50: 0 | FN50: 0 | FO50: 0 | FP50: 0
A51: N1319 | B51: VWAD | C51: 52 | D51: VWAD.52.4 | E51: =VLOOKUP(A51,[1]RHIZOMES!$A$1:$B$1048576,2,0) -> #N/A | F51: =VLOOKUP(A51,[1]ROOT!$A$1:$C$1048576,3,0) -> #N/A | G51: 1886.0294 | H51: 129.6049 | I51: 407.1661 | J51: 0.6647 | K51: 0 | L51: 198.0259 | M51: 250.418 | N51: 180.9237 | O51: 0.2546 | P51: 186.3762 | Q51: 68.0247 | R51: 101.3327 | S51: 47.5467 | T51: 6.7475 | U51: 39.3268 | V51: 31.2012 | W51: 18.5244 | X51: 25.5916 | Y51: 22.399 | Z51: 28.5619 | AA51: 16.5354 | AB51: 36.4936 | AC51: 17.3058 | AD51: 42.1168 | AE51: 23.5195 | AF51: 54.5759 | AG51: 19.0539 | AH51: 36.6929 | AI51: 52.5103 | AJ51: 10.3927 | AK51: 65.8682 | AL51: 59.0692 | AM51: 28.1085 | AN51: 16.1626 | AO51: 40.6405 | AP51: 23.0197 | AQ51: 21.5989 | AR51: 19.6631 | AS51: 17.4795 | AT51: 20.6521 | AU51: 14.1371 | AV51: 0.6973 | AW51: 10.6347 | AX51: 9.4557 | AY51: 5.7526 | AZ51: 3.8647 | BA51: 3.3405 | BB51: 3.4466 | BC51: 1.7617 | BD51: 0.6795 | BE51: 0.729 | BF51: 0.6339 | BG51: 0.7894 | BH51: 0.616 | BI51: 0.0132 | BJ51: 0.1397 | BK51: 0.4573 | BL51: 0.1142 | BM51: 0.0492 | BN51: 0.6075 | BO51: 0.0206 | BP51: 0.1618 | BQ51: 0.1602 | BR51: 0.009 | BS51: 0 | BT51: 0 | BU51: 0 | BV51: 0 | BW51: 0 | BX51: 0 | BY51: 0 | BZ51: 0 | CA51: 0 | CB51: 0 | CC51: 0 | CD51: 0 | CE51: 0 | CF51: 0 | CG51: 0.0317 | CH51: 0 | CI51: 0 | CJ51: 0 | CK51: 0 | CL51: 0 | CM51: 0 | CN51: 0 | CO51: 4.2601 | CP51: 10.6332 | CQ51: 11.0481 | CR51: 0.0176 | CS51: 15.5481 | CT51: 6.9108 | CU51: 11.8338 | CV51: 6.6035 | CW51: 0.9756 | CX51: 6.3995 | CY51: 5.7083 | CZ51: 3.676 | DA51: 5.3813 | DB51: 5.0901 | DC51: 7.0066 | DD51: 4.2472 | DE51: 9.9827 | DF51: 5.0043 | DG51: 12.8148 | DH51: 7.5578 | DI51: 18.5716 | DJ51: 6.7593 | DK51: 13.5548 | DL51: 20.5064 | DM51: 4.1379 | DN51: 27.3582 | DO51: 25.7384 | DP51: 12.7685 | DQ51: 7.4352 | DR51: 19.4363 | DS51: 11.4272 | DT51: 11.0581 | DU51: 10.3551 | DV51: 9.3904 | DW51: 11.4897 | DX51: 8.1674 | DY51: 0.4132 | DZ51: 6.3676 | EA51: 5.8567 | EB51: 3.6766 | EC51: 2.534 | ED51: 2.216 | EE51: 2.3485 | EF51: 1.2327 | EG51: 0.4878 | EH51: 0.5329 | EI51: 0.4712 | EJ51: 0.5999 | EK51: 0.4832 | EL51: 0.0106 | EM51: 0.1125 | EN51: 0.3747 | EO51: 0.0966 | EP51: 0.042 | EQ51: 0.5291 | ER51: 0.0183 | ES51: 0.1469 | ET51: 0.147 | EU51: 0.0084 | EV51: 0 | EW51: 0 | EX51: 0 | EY51: 0 | EZ51: 0 | FA51: 0 | FB51: 0 | FC51: 0 | FD51: 0 | FE51: 0 | FF51: 0 | FG51: 0 | FH51: 0 | FI51: 0 | FJ51: 0.0373 | FK51: 0 | FL51: 0 | FM51: 0 | FN51: 0 | FO51: 0 | FP51: 0
A52: N1401 | B52: VWAD | C52: 43 | D52: VWAD.43.4 | G52: 3237.577 | H52: 218.3164 | I52: 685.8613 | J52: 0.58906667 | K52: 0.0063 | L52: 20.2705 | M52: 50.5956 | N52: 366.4045 | O52: 483.7246 | P52: 366.4147 | Q52: 416.7364 | R52: 184.5843 | S52: 137.3725 | T52: 113.0627 | U52: 146.1744 | V52: 64.488 | W52: 93.1929 | X52: 54.6537 | Y52: 40.91 | Z52: 49.218 | AA52: 46.936 | AB52: 41.6481 | AC52: 27.4298 | AD52: 34.1053 | AE52: 28.0508 | AF52: 32.7558 | AG52: 17.6288 | AH52: 27.612 | AI52: 31.0837 | AJ52: 18.9439 | AK52: 25.2348 | AL52: 14.2869 | AM52: 20.5135 | AN52: 21.6719 | AO52: 23.8368 | AP52: 21.5997 | AQ52: 24.2852 | AR52: 22.1553 | AS52: 27.0843 | AT52: 27.2981 | AU52: 19.3489 | AV52: 10.7427 | AW52: 11.2599 | AX52: 15.7605 | AY52: 8.7123 | AZ52: 7.9792 | BA52: 4.6795 | BB52: 5.1003 | BC52: 3.0775 | BD52: 2.1929 | BE52: 1.7551 | BF52: 2.5559 | BG52: 1.9526 | BH52: 0.5257 | BI52: 1.6545 | BJ52: 1.9319 | BK52: 1.7841 | BL52: 0.8437 | BM52: 1.1912 | BN52: 1.3183 | BO52: 0.7186 | BP52: 0.7734 | BQ52: 1.0476 | BR52: 0.9687 | BS52: 0.4019 | BT52: 0.5387 | BU52: 0.3118 | BV52: 0.5661 | BW52: 0.3664 | BX52: 0.3248 | BY52: 0.4605 | BZ52: 0.1433 | CA52: 0.493 | CB52: 0.0783 | CC52: 0.3315 | CD52: 0.137 | CE52: 0.137 | CF52: 0.2422 | CG52: 0.1201 | CH52: 0.9596 | CI52: 0.0534 | CJ52: 0.1094 | CK52: 0.0724 | CL52: 0.347 | CM52: 0.6644 | CN52: 0.0001 | CO52: 0.5533 | CP52: 2.042 | CQ52: 20.7667 | CR52: 34.2202 | CS52: 30.5108 | CT52: 41.9067 | CU52: 21.9367 | CV52: 18.329 | CW52: 16.6071 | CX52: 24.2485 | CY52: 11.6936 | CZ52: 18.2692 | DA52: 11.7908 | DB52: 9.273 | DC52: 11.9158 | DD52: 12.1356 | DE52: 11.4716 | DF52: 7.9848 | DG52: 10.4608 | DH52: 8.9873 | DI52: 11.1154 | DJ52: 6.2868 | DK52: 10.1293 | DL52: 11.9994 | DM52: 7.5917 | DN52: 10.5243 | DO52: 6.1886 | DP52: 9.1351 | DQ52: 10.0294 | DR52: 11.4684 | DS52: 10.695 | DT52: 12.3976 | DU52: 11.6559 | DV52: 14.6249 | DW52: 15.1642 | DX52: 11.1018 | DY52: 6.3449 | DZ52: 6.7768 | EA52: 9.7889 | EB52: 5.5629 | EC52: 5.209 | ED52: 3.1113 | EE52: 3.4737 | EF52: 2.1604 | EG52: 1.5692 | EH52: 1.2811 | EI52: 1.905 | EJ52: 1.4835 | EK52: 0.4097 | EL52: 1.3107 | EM52: 1.5625 | EN52: 1.4707 | EO52: 0.7093 | EP52: 1.0178 | EQ52: 1.1487 | ER52: 0.637 | ES52: 0.6981 | ET52: 0.9638 | EU52: 0.9047 | EV52: 0.3825 | EW52: 0.5202 | EX52: 0.3053 | EY52: 0.5658 | EZ52: 0.3718 | FA52: 0.3331 | FB52: 0.4817 | FC52: 0.1522 | FD52: 0.5325 | FE52: 0.0856 | FF52: 0.3662 | FG52: 0.154 | FH52: 0.1561 | FI52: 0.2802 | FJ52: 0.1402 | FK52: 1.144 | FL52: 0.0642 | FM52: 0.1326 | FN52: 0.0894 | FO52: 0.4328 | FP52: 0.8761
A53: N1402 | B53: F0 | C53: WBC | D53: F0.WBC | G53: 3389.1573 | H53: 427.4095 | I53: 1342.7467 | J53: 1.2636 | K53: 0.0571 | L53: 19.5539 | M53: 26.719 | N53: 125.7996 | O53: 186.0476 | P53: 191.8012 | Q53: 297.8729 | R53: 165.7228 | S53: 127.9329 | T53: 111.0346 | U53: 148.3558 | V53: 66.2845 | W53: 110.8705 | X53: 68.4374 | Y53: 47.7317 | Z53: 57.6409 | AA53: 75.3942 | AB53: 67.6709 | AC53: 45.5089 | AD53: 59.1115 | AE53: 38.9579 | AF53: 59.7483 | AG53: 24.6442 | AH53: 48.4545 | AI53: 55.7139 | AJ53: 32.0666 | AK53: 51.2481 | AL53: 29.4431 | AM53: 37.0389 | AN53: 37.8196 | AO53: 42.165 | AP53: 32.7208 | AQ53: 36.6533 | AR53: 40.1106 | AS53: 31.3524 | AT53: 49.663 | AU53: 34.7103 | AV53: 23.7457 | AW53: 33.5987 | AX53: 47.0211 | AY53: 25.7758 | AZ53: 39.3434 | BA53: 16.4092 | BB53: 42.3296 | BC53: 36.9096 | BD53: 23.6562 | BE53: 35.607 | BF53: 21.7497 | BG53: 29.0004 | BH53: 33.9894 | BI53: 25.158 | BJ53: 22.8828 | BK53: 26.3655 | BL53: 17.3628 | BM53: 15.2786 | BN53: 14.0966 | BO53: 14.4568 | BP53: 12.5445 | BQ53: 14.0259 | BR53: 15.0585 | BS53: 10.881 | BT53: 8.4254 | BU53: 8.7067 | BV53: 7.483 | BW53: 6.6432 | BX53: 6.2038 | BY53: 5.1229 | BZ53: 4.9097 | CA53: 4.7252 | CB53: 4.0611 | CC53: 4.9687 | CD53: 3.6409 | CE53: 4.97 | CF53: 3.061 | CG53: 3.0433 | CH53: 2.0327 | CI53: 2.1904 | CJ53: 3.517 | CK53: 3.0179 | CL53: 2.6843 | CM53: 19.7482 | CN53: 0.0007 | CO53: 0.5306 | CP53: 1.0517 | CQ53: 7.1238 | CR53: 13.4355 | CS53: 16.4796 | CT53: 30.0726 | CU53: 19.6636 | CV53: 17.0137 | CW53: 16.2854 | CX53: 24.6619 | CY53: 12.0526 | CZ53: 21.7287 | DA53: 14.7799 | DB53: 10.8374 | DC53: 13.9745 | DD53: 19.4662 | DE53: 18.6944 | DF53: 13.213 | DG53: 18.148 | DH53: 12.4875 | DI53: 20.27 | DJ53: 8.7902 | DK53: 17.7774 | DL53: 21.5362 | DM53: 12.8247 | DN53: 21.3616 | DO53: 12.7543 | DP53: 16.5132 | DQ53: 17.5187 | DR53: 20.2985 | DS53: 16.1257 | DT53: 18.6548 | DU53: 21.114 | DV53: 16.9791 | DW53: 27.5741 | DX53: 19.9443 | DY53: 14.0413 | DZ53: 20.2686 | EA53: 29.212 | EB53: 16.4358 | EC53: 25.7098 | ED53: 10.9096 | EE53: 28.821 | EF53: 25.8961 | EG53: 16.9687 | EH53: 26.0165 | EI53: 16.1751 | EJ53: 22.0478 | EK53: 26.4871 | EL53: 19.9563 | EM53: 18.4735 | EN53: 21.7777 | EO53: 14.6224 | EP53: 13.0734 | EQ53: 12.2841 | ER53: 12.8231 | ES53: 11.3302 | ET53: 12.8771 | EU53: 14.0656 | EV53: 10.3539 | EW53: 8.1464 | EX53: 8.5236 | EY53: 7.453 | EZ53: 6.7417 | FA53: 6.388 | FB53: 5.3334 | FC53: 5.1937 | FD53: 5.0818 | FE53: 4.4389 | FF53: 5.4969 | FG53: 4.0861 | FH53: 5.665 | FI53: 3.5328 | FJ53: 3.5666 | FK53: 2.411 | FL53: 2.6275 | FM53: 4.2869 | FN53: 3.7196 | FO53: 3.3519 | FP53: 28.217
A54: N1403 | B54: ADVW | C54: 226 | D54: ADVW.226.4 | G54: 1471.1208 | H54: 52.8816 | I54: 166.1323 | J54: 0.34255 | K54: 0 | L54: 343.7106 | M54: 317.4172 | N54: 186.4257 | O54: 0.4898 | P54: 175.3966 | Q54: 56.5201 | R54: 61.4387 | S54: 32.9171 | T54: 6.2466 | U54: 43.8525 | V54: 38.672 | W54: 18.1114 | X54: 23.3526 | Y54: 13.7626 | Z54: 8.386 | AA54: 4.2943 | AB54: 6.3934 | AC54: 3.7412 | AD54: 12.433 | AE54: 8.8736 | AF54: 16.4775 | AG54: 9.0342 | AH54: 11.137 | AI54: 11.4809 | AJ54: 3.0664 | AK54: 8.1254 | AL54: 7.0471 | AM54: 2.6617 | AN54: 1.5684 | AO54: 6.0099 | AP54: 5.0904 | AQ54: 4.9619 | AR54: 2.5117 | AS54: 4.511 | AT54: 4.0028 | AU54: 2.6224 | AV54: 0.1898 | AW54: 1.2762 | AX54: 0.8955 | AY54: 0.7982 | AZ54: 0.895 | BA54: 0.6805 | BB54: 0.4912 | BC54: 0.8939 | BD54: 0.0608 | BE54: 0.6003 | BF54: 0.0714 | BG54: 0.2235 | BH54: 0.0878 | BI54: 0 | BJ54: 0 | BK54: 0 | BL54: 0 | BM54: 0 | BN54: 0 | BO54: 0 | BP54: 0 | BQ54: 0 | BR54: 0.0909 | BS54: 0 | BT54: 0 | BU54: 0 | BV54: 0 | BW54: 0.0587 | BX54: 0 | BY54: 0 | BZ54: 0 | CA54: 0 | CB54: 0 | CC54: 0 | CD54: 0 | CE54: 0 | CF54: 0 | CG54: 0 | CH54: 0 | CI54: 0 | CJ54: 0 | CK54: 0 | CL54: 0 | CM54: 0 | CN54: 0 | CO54: 7.3331 | CP54: 13.4331 | CQ54: 11.3711 | CR54: 0.0338 | CS54: 14.6417 | CT54: 5.7337 | CU54: 7.1697 | CV54: 4.5687 | CW54: 0.9031 | CX54: 7.1395 | CY54: 7.0673 | CZ54: 3.5998 | DA54: 4.9153 | DB54: 3.1265 | DC54: 2.0565 | DD54: 1.0964 | DE54: 1.7486 | DF54: 1.0818 | DG54: 3.7807 | DH54: 2.8511 | DI54: 5.5822 | DJ54: 3.2123 | DK54: 4.1112 | DL54: 4.4698 | DM54: 1.221 | DN54: 3.379 | DO54: 3.0725 | DP54: 1.2085 | DQ54: 0.7217 | DR54: 2.8724 | DS54: 2.5272 | DT54: 2.5516 | DU54: 1.3138 | DV54: 2.4243 | DW54: 2.2244 | DX54: 1.514 | DY54: 0.1124 | DZ54: 0.7642 | EA54: 0.5548 | EB54: 0.5105 | EC54: 0.5797 | ED54: 0.4529 | EE54: 0.3351 | EF54: 0.6258 | EG54: 0.0435 | EH54: 0.4354 | EI54: 0.0531 | EJ54: 0.1702 | EK54: 0.0685 | EL54: 0 | EM54: 0 | EN54: 0 | EO54: 0 | EP54: 0 | EQ54: 0 | ER54: 0 | ES54: 0 | ET54: 0 | EU54: 0.0847 | EV54: 0 | EW54: 0 | EX54: 0 | EY54: 0 | EZ54: 0.0598 | FA54: 0 | FB54: 0 | FC54: 0 | FD54: 0 | FE54: 0 | FF54: 0 | FG54: 0 | FH54: 0 | FI54: 0 | FJ54: 0 | FK54: 0 | FL54: 0 | FM54: 0 | FN54: 0 | FO54: 0 | FP54: 0
A55: N1404 | B55: VWAD | C55: 100 | D55: VWAD.100.4 | F55: =VLOOKUP(A55,[1]ROOT!$A$1:$C$1048576,3,0) -> #N/A | G55: 2567.7434 | H55: 196.1554 | I55: 616.2406 | J55: 0.7583 | K55: 0.0127 | L55: 22.7215 | M55: 24.7795 | N55: 201.9044 | O55: 287.2366 | P55: 242.6455 | Q55: 329.265 | R55: 153.8308 | S55: 123.1365 | T55: 96.0587 | U55: 123.8955 | V55: 47.3105 | W55: 71.7885 | X55: 48.3473 | Y55: 30.3982 | Z55: 38.5853 | AA55: 40.9762 | AB55: 35.9063 | AC55: 27.547 | AD55: 37.1705 | AE55: 30.9919 | AF55: 41.1074 | AG55: 22.1887 | AH55: 29.2809 | AI55: 39.4381 | AJ55: 30.9338 | AK55: 41.3003 | AL55: 29.5852 | AM55: 31.2641 | AN55: 32.7485 | AO55: 28.8225 | AP55: 23.7538 | AQ55: 24.9781 | AR55: 24.0173 | AS55: 18.5819 | AT55: 23.8409 | AU55: 21.5009 | AV55: 12.0751 | AW55: 13.9677 | AX55: 14.2658 | AY55: 6.9773 | AZ55: 9.5994 | BA55: 4.6323 | BB55: 6.6436 | BC55: 3.7314 | BD55: 2.8753 | BE55: 2.8903 | BF55: 1.2841 | BG55: 1.8274 | BH55: 1.704 | BI55: 0.6026 | BJ55: 0.7503 | BK55: 1.2451 | BL55: 0.4473 | BM55: 0.6412 | BN55: 0.3326 | BO55: 0.4288 | BP55: 0.3341 | BQ55: 0.2072 | BR55: 0.3441 | BS55: 0.0581 | BT55: 0.1861 | BU55: 0.0333 | BV55: 0.1243 | BW55: 0.0999 | BX55: 0.082 | BY55: 0.056 | BZ55: 0.0429 | CA55: 0.0973 | CB55: 0.137 | CC55: 0.2751 | CD55: 0.1385 | CE55: 0.1401 | CF55: 0.0428 | CG55: 0.1422 | CH55: 0.0624 | CI55: 0 | CJ55: 0.009 | CK55: 0 | CL55: 0 | CM55: 0 | CN55: 0.0002 | CO55: 0.58 | CP55: 0.9887 | CQ55: 11.4476 | CR55: 20.3098 | CS55: 20.2414 | CT55: 33.1206 | CU55: 18.2969 | CV55: 16.4269 | CW55: 14.0944 | CX55: 20.5349 | CY55: 8.5705 | CZ55: 14.0879 | DA55: 10.4354 | DB55: 6.8759 | DC55: 9.3388 | DD55: 10.5824 | DE55: 9.9233 | DF55: 8.0226 | DG55: 11.3807 | DH55: 9.9314 | DI55: 13.9605 | DJ55: 7.9216 | DK55: 10.7569 | DL55: 15.1755 | DM55: 12.3942 | DN55: 17.221 | DO55: 12.8131 | DP55: 13.9254 | DQ55: 15.158 | DR55: 13.8627 | DS55: 11.7322 | DT55: 12.7285 | DU55: 12.641 | DV55: 10.0479 | DW55: 13.2572 | DX55: 12.3646 | DY55: 7.13 | DZ55: 8.4073 | EA55: 8.8542 | EB55: 4.4468 | EC55: 6.2718 | ED55: 3.0795 | EE55: 4.5247 | EF55: 2.6162 | EG55: 2.0604 | EH55: 2.1079 | EI55: 0.9543 | EJ55: 1.3894 | EK55: 1.3254 | EL55: 0.4767 | EM55: 0.6045 | EN55: 1.0257 | EO55: 0.3758 | EP55: 0.5477 | EQ55: 0.29 | ER55: 0.3802 | ES55: 0.3026 | ET55: 0.1901 | EU55: 0.3221 | EV55: 0.0553 | EW55: 0.1804 | EX55: 0.0327 | EY55: 0.1239 | EZ55: 0.1015 | FA55: 0.0841 | FB55: 0.0585 | FC55: 0.0454 | FD55: 0.1045 | FE55: 0.1496 | FF55: 0.3032 | FG55: 0.1556 | FH55: 0.1595 | FI55: 0.0493 | FJ55: 0.1664 | FK55: 0.074 | FL55: 0 | FM55: 0.0109 | FN55: 0 | FO55: 0 | FP55: 0
A56: N1405 | B56: ADVW | C56: 250 | D56: ADVW.250.4 | F56: =VLOOKUP(A56,[1]ROOT!$A$1:$C$1048576,3,0) -> #N/A | G56: 3312.2979 | H56: 153.0357 | I56: 480.7762 | J56: 0.45664 | K56: 0 | L56: 589.2558 | M56: 651.6434 | N56: 433.8685 | O56: 0.7969 | P56: 360.0443 | Q56: 112.2129 | R56: 162.5894 | S56: 96.1096 | T56: 17.2603 | U56: 94.532 | V56: 66.9204 | W56: 44.7524 | X56: 67.2574 | Y56: 52.7189 | Z56: 39.4794 | AA56: 29.336 | AB56: 51.2629 | AC56: 16.9107 | AD56: 42.4362 | AE56: 18.2402 | AF56: 37.7321 | AG56: 8.5115 | AH56: 31.0021 | AI56: 31.5088 | AJ56: 4.9112 | AK56: 32.0848 | AL56: 27.3511 | AM56: 12.0404 | AN56: 9.4036 | AO56: 21.3921 | AP56: 10.6341 | AQ56: 24.1872 | AR56: 15.6981 | AS56: 10.9756 | AT56: 19.0858 | AU56: 15.2904 | AV56: 2.8487 | AW56: 9.4242 | AX56: 10.5579 | AY56: 3.8414 | AZ56: 5.2424 | BA56: 2.5395 | BB56: 4.7708 | BC56: 2.2219 | BD56: 0.6139 | BE56: 2.8026 | BF56: 0.3878 | BG56: 1.3617 | BH56: 0.8133 | BI56: 0.0529 | BJ56: 0.138 | BK56: 0.8869 | BL56: 0.2592 | BM56: 0.1205 | BN56: 0.7244 | BO56: 0.1079 | BP56: 0.3928 | BQ56: 0.1512 | BR56: 0.1386 | BS56: 0.0539 | BT56: 0.0334 | BU56: 0.0228 | BV56: 0.0878 | BW56: 0.0787 | BX56: 0.047 | BY56: 0.009 | BZ56: 0.2231 | CA56: 0.0814 | CB56: 0.3089 | CC56: 0.0682 | CD56: 0.0613 | CE56: 0.0069 | CF56: 0.1121 | CG56: 0 | CH56: 0 | CI56: 0 | CJ56: 0.0946 | CK56: 0 | CL56: 0 | CM56: 0 | CN56: 0 | CO56: 12.6486 | CP56: 27.7204 | CQ56: 26.4974 | CR56: 0.0551 | CS56: 30.0504 | CT56: 11.3917 | CU56: 18.9946 | CV56: 13.3338 | CW56: 2.4956 | CX56: 15.3761 | CY56: 12.2519 | CZ56: 8.8742 | DA56: 14.0766 | DB56: 11.9787 | DC56: 9.7204 | DD56: 7.4837 | DE56: 14.0461 | DF56: 4.8901 | DG56: 12.8649 | DH56: 5.8719 | DI56: 12.8747 | DJ56: 3.0146 | DK56: 11.4306 | DL56: 12.3199 | DM56: 1.9517 | DN56: 13.3367 | DO56: 11.9252 | DP56: 5.4609 | DQ56: 4.3296 | DR56: 10.2571 | DS56: 5.2783 | DT56: 12.3315 | DU56: 8.2963 | DV56: 5.8949 | DW56: 10.626 | DX56: 8.8191 | DY56: 1.6881 | DZ56: 5.644 | EA56: 6.5468 | EB56: 2.4556 | EC56: 3.417 | ED56: 1.6873 | EE56: 3.248 | EF56: 1.5571 | EG56: 0.4397 | EH56: 2.0453 | EI56: 0.2882 | EJ56: 1.0358 | EK56: 0.6372 | EL56: 0.042 | EM56: 0.1113 | EN56: 0.7324 | EO56: 0.2186 | EP56: 0.1027 | EQ56: 0.6338 | ER56: 0.0958 | ES56: 0.3541 | ET56: 0.1392 | EU56: 0.1297 | EV56: 0.0511 | EW56: 0.032 | EX56: 0.0225 | EY56: 0.0869 | EZ56: 0.0799 | FA56: 0.0488 | FB56: 0.0094 | FC56: 0.2364 | FD56: 0.088 | FE56: 0.3382 | FF56: 0.0754 | FG56: 0.069 | FH56: 0.0078 | FI56: 0.1292 | FJ56: 0 | FK56: 0 | FL56: 0 | FM56: 0.1151 | FN56: 0 | FO56: 0 | FP56: 0
A57: N1409 | B57: ADVW | C57: 255 | D57: ADVW.255.4 | F57: =VLOOKUP(A57,[1]ROOT!$A$1:$C$1048576,3,0) -> #N/A | G57: 825.7121 | H57: 41.2723 | I57: 129.6608 | J57: 0.4998 | K57: 0 | L57: 116.2852 | M57: 136.3943 | N57: 101.9525 | O57: 0.1532 | P57: 100.1894 | Q57: 29.7949 | R57: 41.2676 | S57: 32.4047 | T57: 5.5498 | U57: 22.705 | V57: 24.8458 | W57: 13.9322 | X57: 21.7478 | Y57: 14.0597 | Z57: 8.8923 | AA57: 6.1114 | AB57: 9.9452 | AC57: 2.5555 | AD57: 7.8365 | AE57: 5.47 | AF57: 13.9279 | AG57: 7.4714 | AH57: 11.3505 | AI57: 13.7904 | AJ57: 2.8455 | AK57: 16.086 | AL57: 12.5089 | AM57: 5.4217 | AN57: 5.2427 | AO57: 8.8625 | AP57: 4.515 | AQ57: 4.23 | AR57: 3.3518 | AS57: 2.6919 | AT57: 2.1688 | AU57: 0.8448 | AV57: 0 | AW57: 1.0526 | AX57: 0.8563 | AY57: 0.4548 | AZ57: 0.3924 | BA57: 1.0789 | BB57: 2.358 | BC57: 0.6293 | BD57: 0.3394 | BE57: 0.4897 | BF57: 0.0264 | BG57: 0.0201 | BH57: 0.1068 | BI57: 0 | BJ57: 0.0069 | BK57: 0 | BL57: 0 | BM57: 0 | BN57: 0 | BO57: 0 | BP57: 0 | BQ57: 0 | BR57: 0 | BS57: 0 | BT57: 0 | BU57: 0 | BV57: 0 | BW57: 0 | BX57: 0 | BY57: 0 | BZ57: 0 | CA57: 0 | CB57: 0 | CC57: 0 | CD57: 0 | CE57: 0 | CF57: 0 | CG57: 0 | CH57: 0 | CI57: 0 | CJ57: 0 | CK57: 0 | CL57: 0 | CM57: 0 | CN57: 0 | CO57: 2.5037 | CP57: 5.8046 | CQ57: 6.2255 | CR57: 0.0106 | CS57: 8.3091 | CT57: 3.0172 | CU57: 4.8472 | CV57: 4.4971 | CW57: 0.8024 | CX57: 3.6859 | CY57: 4.5435 | CZ57: 2.7675 | DA57: 4.5675 | DB57: 3.1977 | DC57: 2.1777 | DD57: 1.571 | DE57: 2.7197 | DF57: 0.739 | DG57: 2.3833 | DH57: 1.7554 | DI57: 4.7171 | DJ57: 2.6597 | DK57: 4.2 | DL57: 5.3545 | DM57: 1.1343 | DN57: 6.6829 | DO57: 5.4547 | DP57: 2.4625 | DQ57: 2.4116 | DR57: 4.2349 | DS57: 2.2423 | DT57: 2.169 | DU57: 1.7667 | DV57: 1.4474 | DW57: 1.2087 | DX57: 0.4881 | DY57: 0 | DZ57: 0.6305 | EA57: 0.5307 | EB57: 0.2905 | EC57: 0.2532 | ED57: 0.7193 | EE57: 1.6132 | EF57: 0.4423 | EG57: 0.2424 | EH57: 0.3556 | EI57: 0.0197 | EJ57: 0.0153 | EK57: 0.0834 | EL57: 0 | EM57: 0.0055 | EN57: 0 | EO57: 0 | EP57: 0 | EQ57: 0 | ER57: 0 | ES57: 0 | ET57: 0 | EU57: 0 | EV57: 0 | EW57: 0 | EX57: 0 | EY57: 0 | EZ57: 0 | FA57: 0 | FB57: 0 | FC57: 0 | FD57: 0 | FE57: 0 | FF57: 0 | FG57: 0 | FH57: 0 | FI57: 0 | FJ57: 0 | FK57: 0 | FL57: 0 | FM57: 0 | FN57: 0 | FO57: 0 | FP57: 0
A58: N1411 | B58: =#N/A -> #N/A | C58: =#N/A -> #N/A | D58: =#N/A -> #N/A | G58: 1041.9837 | H58: 57.455 | I58: 180.5003 | J58: 0.5514 | K58: 0.0396 | L58: 100.7119 | M58: 100.2562 | N58: 154.4701 | O58: 122.1558 | P58: 74.4188 | Q58: 51.3868 | R58: 49.5584 | S58: 29.4832 | T58: 29.5829 | U58: 32.5828 | V58: 30.3813 | W58: 19.322 | X58: 14.0696 | Y58: 14.4224 | Z58: 12.2476 | AA58: 10.9622 | AB58: 7.4957 | AC58: 8.6015 | AD58: 7.8092 | AE58: 8.5725 | AF58: 5.0586 | AG58: 6.6262 | AH58: 5.601 | AI58: 4.712 | AJ58: 5.437 | AK58: 8.0344 | AL58: 6.7337 | AM58: 7.5751 | AN58: 9.6196 | AO58: 8.4305 | AP58: 6.2048 | AQ58: 6.5933 | AR58: 8.8942 | AS58: 8.6942 | AT58: 8.8703 | AU58: 7.9832 | AV58: 4.5338 | AW58: 3.9413 | AX58: 3.8007 | AY58: 4.6537 | AZ58: 5.2115 | BA58: 4.5058 | BB58: 3.1767 | BC58: 3.1958 | BD58: 2.7275 | BE58: 1.5946 | BF58: 2.3812 | BG58: 1.9968 | BH58: 2.0695 | BI58: 0.7378 | BJ58: 0.9683 | BK58: 0.5253 | BL58: 0.3707 | BM58: 0.3811 | BN58: 0.5823 | BO58: 0.2663 | BP58: 0.1124 | BQ58: 0.0132 | BR58: 0.0132 | BS58: 0.0311 | BT58: 0.0069 | BU58: 0.0132 | BV58: 0.0137 | BW58: 0.0201 | BX58: 0.0137 | BY58: 0.0338 | BZ58: 0.0428 | CA58: 0.0248 | CB58: 0.0069 | CC58: 0 | CD58: 0 | CE58: 0 | CF58: 0 | CG58: 0 | CH58: 0 | CI58: 0 | CJ58: 0 | CK58: 0 | CL58: 0 | CM58: 0 | CN58: 0.0005 | CO58: 2.6288 | CP58: 3.8703 | CQ58: 8.5197 | CR58: 8.4772 | CS58: 6.3779 | CT58: 5.2409 | CU58: 5.8337 | CV58: 3.9275 | CW58: 4.3992 | CX58: 5.3764 | CY58: 5.4995 | CZ58: 3.7796 | DA58: 2.9806 | DB58: 3.2856 | DC58: 2.9899 | DD58: 2.8272 | DE58: 2.0594 | DF58: 2.5089 | DG58: 2.3855 | DH58: 2.7608 | DI58: 1.703 | DJ58: 2.3401 | DK58: 2.0699 | DL58: 1.8144 | DM58: 2.1798 | DN58: 3.3478 | DO58: 2.9151 | DP58: 3.3955 | DQ58: 4.4551 | DR58: 4.0404 | DS58: 3.0747 | DT58: 3.3621 | DU58: 4.6857 | DV58: 4.7138 | DW58: 4.9388 | DX58: 4.5828 | DY58: 2.6644 | DZ58: 2.3823 | EA58: 2.3544 | EB58: 2.9656 | EC58: 3.3959 | ED58: 3.009 | EE58: 2.1656 | EF58: 2.2313 | EG58: 1.9444 | EH58: 1.1615 | EI58: 1.7752 | EJ58: 1.519 | EK58: 1.6121 | EL58: 0.5839 | EM58: 0.784 | EN58: 0.4336 | EO58: 0.3133 | EP58: 0.3235 | EQ58: 0.5044 | ER58: 0.2374 | ES58: 0.1019 | ET58: 0.0121 | EU58: 0.0124 | EV58: 0.0296 | EW58: 0.0066 | EX58: 0.013 | EY58: 0.0137 | EZ58: 0.0203 | FA58: 0.0142 | FB58: 0.0354 | FC58: 0.0454 | FD58: 0.0267 | FE58: 0.0075 | FF58: 0 | FG58: 0 | FH58: 0 | FI58: 0 | FJ58: 0 | FK58: 0 | FL58: 0 | FM58: 0 | FN58: 0 | FO58: 0 | FP58: 0
A59: N1501 | B59: ADVW | C59: 400 | D59: ADVW.400.4 | G59: 2106.9543 | H59: 138.7251 | I59: 435.8176 | J59: 0.64415 | K59: 0 | L59: 193.7793 | M59: 166.965 | N59: 245.1264 | O59: 198.7995 | P59: 154.8964 | Q59: 114.4242 | R59: 99.9021 | S59: 57.663 | T59: 48.6078 | U59: 49.4384 | V59: 41.5384 | W59: 32.9221 | X59: 26.997 | Y59: 24.6562 | Z59: 21.7521 | AA59: 17.2705 | AB59: 21.0556 | AC59: 19.2342 | AD59: 24.2437 | AE59: 22.7051 | AF59: 23.417 | AG59: 18.3051 | AH59: 17.1646 | AI59: 19.3604 | AJ59: 26.2685 | AK59: 30.7851 | AL59: 35.5842 | AM59: 32.3315 | AN59: 30.0003 | AO59: 36.7118 | AP59: 39.3654 | AQ59: 32.6485 | AR59: 23.3059 | AS59: 21.5654 | AT59: 26.002 | AU59: 29.6709 | AV59: 17.9094 | AW59: 15.0882 | AX59: 12.1055 | AY59: 8.1788 | AZ59: 6.5775 | BA59: 6.521 | BB59: 4.2548 | BC59: 2.801 | BD59: 1.6251 | BE59: 1.0242 | BF59: 0.61 | BG59: 1.2688 | BH59: 0.9378 | BI59: 0.3557 | BJ59: 0.471 | BK59: 0.5073 | BL59: 0.3479 | BM59: 0.0628 | BN59: 0.208 | BO59: 0.1431 | BP59: 0.1499 | BQ59: 0.4079 | BR59: 0.0992 | BS59: 0.0464 | BT59: 0.2091 | BU59: 0 | BV59: 0.0069 | BW59: 0 | BX59: 0 | BY59: 0 | BZ59: 0 | CA59: 0 | CB59: 0 | CC59: 0 | CD59: 0 | CE59: 0 | CF59: 0.0269 | CG59: 0 | CH59: 0 | CI59: 0 | CJ59: 0 | CK59: 0 | CL59: 0 | CM59: 0 | CN59: 0 | CO59: 5.0705 | CP59: 6.4257 | CQ59: 13.4623 | CR59: 13.8414 | CS59: 13.3377 | CT59: 11.65 | CU59: 11.7648 | CV59: 7.6966 | CW59: 7.2241 | CX59: 8.1249 | CY59: 7.5124 | CZ59: 6.4474 | DA59: 5.7118 | DB59: 5.61 | DC59: 5.2944 | DD59: 4.4691 | DE59: 5.7841 | DF59: 5.609 | DG59: 7.4195 | DH59: 7.298 | DI59: 7.909 | DJ59: 6.4562 | DK59: 6.3404 | DL59: 7.467 | DM59: 10.5016 | DN59: 12.8175 | DO59: 15.4194 | DP59: 14.4751 | DQ59: 13.8941 | DR59: 17.5925 | DS59: 19.501 | DT59: 16.6714 | DU59: 12.2742 | DV59: 11.6718 | DW59: 14.5131 | DX59: 17.0533 | DY59: 10.5519 | DZ59: 9.1151 | EA59: 7.497 | EB59: 5.2097 | EC59: 4.2847 | ED59: 4.348 | EE59: 2.9051 | EF59: 1.9505 | EG59: 1.1649 | EH59: 0.7469 | EI59: 0.4555 | EJ59: 0.9683 | EK59: 0.7301 | EL59: 0.2814 | EM59: 0.3801 | EN59: 0.4185 | EO59: 0.2922 | EP59: 0.0539 | EQ59: 0.1814 | ER59: 0.1271 | ES59: 0.1355 | ET59: 0.3747 | EU59: 0.0931 | EV59: 0.0442 | EW59: 0.2012 | EX59: 0 | EY59: 0.0068 | EZ59: 0 | FA59: 0 | FB59: 0 | FC59: 0 | FD59: 0 | FE59: 0 | FF59: 0 | FG59: 0 | FH59: 0 | FI59: 0.031 | FJ59: 0 | FK59: 0 | FL59: 0 | FM59: 0 | FN59: 0 | FO59: 0 | FP59: 0
A60: N1504 | B60: F0 | C60: WBC | D60: F0.WBC | G60: 2042.7747 | H60: 269.6566 | I60: 847.1513 | J60: 1.3208 | K60: 0.019 | L60: 16.2026 | M60: 19.0705 | N60: 61.1642 | O60: 89.4457 | P60: 106.2838 | Q60: 161.9363 | R60: 107.4963 | S60: 75.1741 | T60: 63.7126 | U60: 72.5105 | V60: 32.1529 | W60: 50.2284 | X60: 34.8886 | Y60: 27.4466 | Z60: 31.1613 | AA60: 44.0088 | AB60: 43.0885 | AC60: 27.0588 | AD60: 39.9483 | AE60: 27.3877 | AF60: 37.0492 | AG60: 15.9521 | AH60: 26.7404 | AI60: 26.7574 | AJ60: 17.2805 | AK60: 26.4513 | AL60: 19.5489 | AM60: 18.6015 | AN60: 22.3915 | AO60: 25.2278 | AP60: 19.0743 | AQ60: 29.1656 | AR60: 25.1117 | AS60: 19.4397 | AT60: 26.8924 | AU60: 29.5011 | AV60: 18.2994 | AW60: 32.465 | AX60: 31.0911 | AY60: 25.0562 | AZ60: 31.1366 | BA60: 15.0841 | BB60: 39.579 | BC60: 29.577 | BD60: 24.2174 | BE60: 26.2818 | BF60: 19.0045 | BG60: 22.7582 | BH60: 25.7662 | BI60: 18.5517 | BJ60: 18.2976 | BK60: 23.9978 | BL60: 9.3199 | BM60: 11.335 | BN60: 10.7316 | BO60: 11.0543 | BP60: 6.0146 | BQ60: 6.1393 | BR60: 10.6015 | BS60: 6.5125 | BT60: 6.0687 | BU60: 4.2977 | BV60: 6.4981 | BW60: 5.2615 | BX60: 2.7775 | BY60: 3.5997 | BZ60: 4.0217 | CA60: 2.9203 | CB60: 3.1049 | CC60: 1.1109 | CD60: 0.6622 | CE60: 2.7336 | CF60: 0.4018 | CG60: 0.7276 | CH60: 1.0879 | CI60: 1.8348 | CJ60: 1.043 | CK60: 0.6975 | CL60: 0.7281 | CM60: 4.5986 | CN60: 0.0003 | CO60: 0.4194 | CP60: 0.7513 | CQ60: 3.4405 | CR60: 6.5079 | CS60: 9.1971 | CT60: 16.3639 | CU60: 12.778 | CV60: 10.0131 | CW60: 9.3417 | CX60: 12.0411 | CY60: 5.8646 | CZ60: 9.8282 | DA60: 7.5165 | DB60: 6.2312 | DC60: 7.5512 | DD60: 11.3476 | DE60: 11.8938 | DF60: 7.8808 | DG60: 12.2362 | DH60: 8.7708 | DI60: 12.5632 | DJ60: 5.7076 | DK60: 9.8091 | DL60: 10.3329 | DM60: 6.9161 | DN60: 11.0225 | DO60: 8.4751 | DP60: 8.3091 | DQ60: 10.356 | DR60: 12.1402 | DS60: 9.4114 | DT60: 14.8389 | DU60: 13.231 | DV60: 10.5344 | DW60: 14.9424 | DX60: 16.947 | DY60: 10.8026 | DZ60: 19.5624 | EA60: 19.2978 | EB60: 15.9711 | EC60: 20.3408 | ED60: 10.0221 | EE60: 26.966 | EF60: 20.7429 | EG60: 17.3927 | EH60: 19.2014 | EI60: 14.142 | EJ60: 17.301 | EK60: 20.0464 | EL60: 14.7223 | EM60: 14.7737 | EN60: 19.7945 | EO60: 7.8508 | EP60: 9.691 | EQ60: 9.3741 | ER60: 9.8094 | ES60: 5.4203 | ET60: 5.6274 | EU60: 9.9026 | EV60: 6.1934 | EW60: 5.8568 | EX60: 4.2109 | EY60: 6.466 | EZ60: 5.334 | FA60: 2.863 | FB60: 3.7511 | FC60: 4.2614 | FD60: 3.1421 | FE60: 3.3967 | FF60: 1.2314 | FG60: 0.7425 | FH60: 3.1097 | FI60: 0.4629 | FJ60: 0.8528 | FK60: 1.2923 | FL60: 2.2024 | FM60: 1.2688 | FN60: 0.8621 | FO60: 0.9096 | FP60: 6.2857
A61: N1505 | B61: ADVW | C61: 312 | D61: ADVW.312.4 | G61: 1220.0546 | H61: 112.2487 | I61: 352.6397 | J61: 0.89575 | K61: 0 | L61: 86.7321 | M61: 79.3872 | N61: 119.1032 | O61: 100.7819 | P61: 60.4648 | Q61: 38.0813 | R61: 35.5185 | S61: 27.4339 | T61: 25.9256 | U61: 21.8276 | V61: 21.673 | W61: 17.8942 | X61: 18.3142 | Y61: 16.1155 | Z61: 17.7863 | AA61: 17.8208 | AB61: 15.7398 | AC61: 12.7404 | AD61: 13.5662 | AE61: 13.2337 | AF61: 17.4525 | AG61: 12.2864 | AH61: 19.53 | AI61: 14.9973 | AJ61: 19.5241 | AK61: 20.6456 | AL61: 16.5834 | AM61: 14.049 | AN61: 18.1259 | AO61: 22.458 | AP61: 18.82 | AQ61: 18.6238 | AR61: 20.8855 | AS61: 24.2434 | AT61: 21.5594 | AU61: 21.7237 | AV61: 16.9098 | AW61: 13.4252 | AX61: 16.0019 | AY61: 11.4733 | AZ61: 12.4568 | BA61: 11.1497 | BB61: 10.3037 | BC61: 7.2105 | BD61: 8.1831 | BE61: 7.3397 | BF61: 6.1804 | BG61: 8.2577 | BH61: 4.4867 | BI61: 3.0275 | BJ61: 3.334 | BK61: 3.1657 | BL61: 2.2443 | BM61: 2.3712 | BN61: 0.7758 | BO61: 0.6119 | BP61: 0.754 | BQ61: 0.453 | BR61: 0.8686 | BS61: 0.6435 | BT61: 1.0518 | BU61: 0.2304 | BV61: 0.6642 | BW61: 0.3342 | BX61: 0.3838 | BY61: 0.5267 | BZ61: 0.0481 | CA61: 0.5892 | CB61: 0.1052 | CC61: 0.0698 | CD61: 0.4258 | CE61: 0.1905 | CF61: 0.0354 | CG61: 0.0524 | CH61: 0 | CI61: 0 | CJ61: 0 | CK61: 0.0316 | CL61: 0.0539 | CM61: 1.6566 | CN61: 0 | CO61: 2.2557 | CP61: 3.0634 | CQ61: 6.5717 | CR61: 7.0036 | CS61: 5.2059 | CT61: 3.8736 | CU61: 4.1918 | CV61: 3.6581 | CW61: 3.8629 | CX61: 3.5977 | CY61: 3.9172 | CZ61: 3.5041 | DA61: 3.8771 | DB61: 3.6727 | DC61: 4.3396 | DD61: 4.6152 | DE61: 4.3254 | DF61: 3.7007 | DG61: 4.148 | DH61: 4.2648 | DI61: 5.8974 | DJ61: 4.3354 | DK61: 7.2306 | DL61: 5.7782 | DM61: 7.8154 | DN61: 8.6072 | DO61: 7.1627 | DP61: 6.2797 | DQ61: 8.4014 | DR61: 10.7595 | DS61: 9.325 | DT61: 9.5209 | DU61: 10.9898 | DV61: 13.095 | DW61: 12.0268 | DX61: 12.4605 | DY61: 9.9353 | DZ61: 8.101 | EA61: 9.9213 | EB61: 7.3051 | EC61: 8.1139 | ED61: 7.4518 | EE61: 7.0307 | EF61: 5.0415 | EG61: 5.8398 | EH61: 5.3626 | EI61: 4.6151 | EJ61: 6.2982 | EK61: 3.4901 | EL61: 2.399 | EM61: 2.6986 | EN61: 2.6074 | EO61: 1.8857 | EP61: 2.0248 | EQ61: 0.6765 | ER61: 0.5445 | ES61: 0.6814 | ET61: 0.4162 | EU61: 0.8103 | EV61: 0.6095 | EW61: 1.0155 | EX61: 0.2259 | EY61: 0.6627 | EZ61: 0.3402 | FA61: 0.3957 | FB61: 0.5487 | FC61: 0.0509 | FD61: 0.6372 | FE61: 0.1148 | FF61: 0.077 | FG61: 0.4782 | FH61: 0.2167 | FI61: 0.0407 | FJ61: 0.0614 | FK61: 0 | FL61: 0 | FM61: 0 | FN61: 0.0417 | FO61: 0.0672 | FP61: 2.4093
A62: N1506 | B62: VWAD | C62: 49 | D62: VWAD.49.4 | F62: 3.8338 | G62: 4575.3737 | H62: 359.513 | I62: 1129.443 | J62: 0.7511 | K62: 0.0195 | L62: 28.8057 | M62: 56.9381 | N62: 362.5183 | O62: 482.124 | P62: 386.2118 | Q62: 527.6388 | R62: 258.2921 | S62: 230.0048 | T62: 187.1978 | U62: 225.4892 | V62: 103.8275 | W62: 144.902 | X62: 84.9816 | Y62: 53.4253 | Z62: 62.7523 | AA62: 81.1842 | AB62: 78.4136 | AC62: 50.4813 | AD62: 66.5913 | AE62: 60.4608 | AF62: 83.3766 | AG62: 44.5743 | AH62: 67.4494 | AI62: 79.1373 | AJ62: 51.5601 | AK62: 75.4948 | AL62: 53.4087 | AM62: 61.0614 | AN62: 63.7109 | AO62: 59.8752 | AP62: 50.8216 | AQ62: 58.233 | AR62: 56.2096 | AS62: 37.2596 | AT62: 45.9089 | AU62: 31.6031 | AV62: 15.4685 | AW62: 15.7509 | AX62: 20.6195 | AY62: 14.1801 | AZ62: 10.5501 | BA62: 6.0613 | BB62: 7.9792 | BC62: 5.2993 | BD62: 2.6223 | BE62: 2.7047 | BF62: 3.1618 | BG62: 2.2362 | BH62: 2.2502 | BI62: 1.8358 | BJ62: 1.3328 | BK62: 1.2901 | BL62: 0.2897 | BM62: 0.2734 | BN62: 0.6285 | BO62: 0.5775 | BP62: 0.7727 | BQ62: 0.5525 | BR62: 0.3257 | BS62: 0.103 | BT62: 0.2618 | BU62: 0.588 | BV62: 0.1142 | BW62: 0.6245 | BX62: 0.0471 | BY62: 0.0603 | BZ62: 0.5298 | CA62: 0.0529 | CB62: 0.0344 | CC62: 0.1729 | CD62: 0.0423 | CE62: 0.0613 | CF62: 0.0608 | CG62: 0.0259 | CH62: 0.0201 | CI62: 0.0571 | CJ62: 0.1 | CK62: 0.2263 | CL62: 0 | CM62: 2.3201 | CN62: 0.0003 | CO62: 0.7541 | CP62: 2.2704 | CQ62: 20.6045 | CR62: 34.236 | CS62: 32.4595 | CT62: 53.0959 | CU62: 30.7028 | CV62: 30.6599 | CW62: 27.4605 | CX62: 37.4074 | CY62: 18.867 | CZ62: 28.3844 | DA62: 18.3302 | DB62: 12.1243 | DC62: 15.2006 | DD62: 20.9703 | DE62: 21.6703 | DF62: 14.6828 | DG62: 20.3809 | DH62: 19.3797 | DI62: 28.2995 | DJ62: 15.931 | DK62: 24.7673 | DL62: 30.5438 | DM62: 20.642 | DN62: 31.4544 | DO62: 23.1279 | DP62: 27.2286 | DQ62: 29.5053 | DR62: 28.8245 | DS62: 25.065 | DT62: 29.6654 | DU62: 29.589 | DV62: 20.1366 | DW62: 25.4852 | DX62: 18.1476 | DY62: 9.1411 | DZ62: 9.4961 | EA62: 12.7952 | EB62: 9.0424 | EC62: 6.8909 | ED62: 4.0334 | EE62: 5.4415 | EF62: 3.7152 | EG62: 1.886 | EH62: 1.9764 | EI62: 2.3576 | EJ62: 1.6962 | EK62: 1.752 | EL62: 1.4555 | EM62: 1.0773 | EN62: 1.065 | EO62: 0.2432 | EP62: 0.2333 | EQ62: 0.5488 | ER62: 0.5126 | ES62: 0.6983 | ET62: 0.5078 | EU62: 0.3048 | EV62: 0.0978 | EW62: 0.2537 | EX62: 0.5764 | EY62: 0.1138 | EZ62: 0.6328 | FA62: 0.0483 | FB62: 0.0628 | FC62: 0.5624 | FD62: 0.0568 | FE62: 0.0376 | FF62: 0.192 | FG62: 0.0476 | FH62: 0.0699 | FI62: 0.0703 | FJ62: 0.0304 | FK62: 0.0238 | FL62: 0.0687 | FM62: 0.1218 | FN62: 0.2786 | FO62: 0 | FP62: 3.2328
A63: N1511 | B63: ADVW | C63: 237 | D63: ADVW.237.16 | E63: =VLOOKUP(A63,[1]RHIZOMES!$A$1:$B$1048576,2,0) -> #N/A | F63: =VLOOKUP(A63,[1]ROOT!$A$1:$C$1048576,3,0) -> #N/A | G63: 1602.1344 | H63: 157.451 | I63: 494.6467 | J63: 0.96804 | K63: 0 | L63: 4.765 | M63: 13.4884 | N63: 93.607 | O63: 133.1868 | P63: 114.7795 | Q63: 186.7485 | R63: 84.9153 | S63: 63.2659 | T63: 47.9571 | U63: 55.9099 | V63: 28.7275 | W63: 41.1204 | X63: 27.0887 | Y63: 21.4762 | Z63: 21.639 | AA63: 27.1244 | AB63: 25.1947 | AC63: 15.7787 | AD63: 17.9776 | AE63: 13.9804 | AF63: 22.1091 | AG63: 8.4614 | AH63: 14.7571 | AI63: 20.9875 | AJ63: 16.4827 | AK63: 29.9036 | AL63: 21.0212 | AM63: 28.4468 | AN63: 31.8067 | AO63: 32.3131 | AP63: 23.7756 | AQ63: 38.8245 | AR63: 34.7723 | AS63: 24.8002 | AT63: 41.6481 | AU63: 30.7286 | AV63: 21.7308 | AW63: 23.9596 | AX63: 19.3118 | AY63: 12.8338 | AZ63: 12.8521 | BA63: 6.5792 | BB63: 12.9702 | BC63: 6.8834 | BD63: 5.8301 | BE63: 3.9827 | BF63: 1.5559 | BG63: 3.7749 | BH63: 2.7332 | BI63: 1.4904 | BJ63: 0.8519 | BK63: 0.9481 | BL63: 0.8064 | BM63: 0.3445 | BN63: 0.3626 | BO63: 0.4758 | BP63: 0.3588 | BQ63: 0.2374 | BR63: 0.8396 | BS63: 0.1438 | BT63: 0.0455 | BU63: 0.0391 | BV63: 0.0666 | BW63: 0.0518 | BX63: 0.0195 | BY63: 0.0328 | BZ63: 0.0655 | CA63: 0.0227 | CB63: 0.0338 | CC63: 0 | CD63: 0 | CE63: 0 | CF63: 0 | CG63: 0 | CH63: 0 | CI63: 0 | CJ63: 0.027 | CK63: 0 | CL63: 0 | CM63: 0 | CN63: 0 | CO63: 0.1317 | CP63: 0.5413 | CQ63: 5.3026 | CR63: 9.4727 | CS63: 9.5922 | CT63: 18.7884 | CU63: 10.0915 | CV63: 8.449 | CW63: 7.0263 | CX63: 9.2692 | CY63: 5.2195 | CZ63: 8.06 | DA63: 5.844 | DB63: 4.8627 | DC63: 5.2372 | DD63: 7.0039 | DE63: 6.9496 | DF63: 4.5969 | DG63: 5.5039 | DH63: 4.4815 | DI63: 7.4956 | DJ63: 3.0177 | DK63: 5.4185 | DL63: 8.1032 | DM63: 6.6053 | DN63: 12.4672 | DO63: 9.1202 | DP63: 12.701 | DQ63: 14.7281 | DR63: 15.5617 | DS63: 11.718 | DT63: 19.7639 | DU63: 18.3311 | DV63: 13.401 | DW63: 23.1294 | DX63: 17.6405 | DY63: 12.8438 | DZ63: 14.4321 | EA63: 11.9907 | EB63: 8.1694 | EC63: 8.3904 | ED63: 4.3747 | EE63: 8.8293 | EF63: 4.8249 | EG63: 4.1737 | EH63: 2.9043 | EI63: 1.1582 | EJ63: 2.8658 | EK63: 2.1314 | EL63: 1.1792 | EM63: 0.6876 | EN63: 0.782 | EO63: 0.6792 | EP63: 0.2932 | EQ63: 0.3169 | ER63: 0.4204 | ES63: 0.3231 | ET63: 0.2179 | EU63: 0.7859 | EV63: 0.1366 | EW63: 0.0441 | EX63: 0.0382 | EY63: 0.0664 | EZ63: 0.0526 | FA63: 0.0202 | FB63: 0.0342 | FC63: 0.0698 | FD63: 0.0243 | FE63: 0.0369 | FF63: 0 | FG63: 0 | FH63: 0 | FI63: 0 | FJ63: 0 | FK63: 0 | FL63: 0 | FM63: 0.0327 | FN63: 0 | FO63: 0 | FP63: 0
A64: N1515 | B64: VWAD | C64: 3 | D64: VWAD.3.4 | G64: 1864.3482 | H64: 108.7562 | I64: 341.6677 | J64: 0.58423333 | K64: 0.0171 | L64: 244.7275 | M64: 179.8229 | N64: 229.2678 | O64: 197.6311 | P64: 146.8631 | Q64: 91.9418 | R64: 93.7175 | S64: 47.198 | T64: 36.5449 | U64: 34.1051 | V64: 26.9676 | W64: 22.4521 | X64: 28.4045 | Y64: 25.0408 | Z64: 22.5483 | AA64: 18.2851 | AB64: 18.6367 | AC64: 18.1865 | AD64: 14.4985 | AE64: 15.3595 | AF64: 17.2712 | AG64: 17.7652 | AH64: 18.3222 | AI64: 14.2815 | AJ64: 16.1061 | AK64: 13.8107 | AL64: 11.1259 | AM64: 12.5252 | AN64: 18.5745 | AO64: 20.1528 | AP64: 21.14 | AQ64: 18.4538 | AR64: 21.7446 | AS64: 16.2557 | AT64: 18.3193 | AU64: 13.8019 | AV64: 11.1837 | AW64: 9.6259 | AX64: 11.3794 | AY64: 9.0227 | AZ64: 5.5577 | BA64: 4.4021 | BB64: 2.4369 | BC64: 2.7404 | BD64: 3.9622 | BE64: 4.3409 | BF64: 3.4143 | BG64: 2.912 | BH64: 0.88 | BI64: 1.0153 | BJ64: 1.5877 | BK64: 0.6234 | BL64: 0.3218 | BM64: 0.6046 | BN64: 1.4358 | BO64: 0.7335 | BP64: 0.2826 | BQ64: 0.5788 | BR64: 0.2308 | BS64: 0.0328 | BT64: 0.1294 | BU64: 0.2631 | BV64: 0.1427 | BW64: 0 | BX64: 0 | BY64: 0 | BZ64: 0.0945 | CA64: 0.3015 | CB64: 0.5603 | CC64: 0.0465 | CD64: 0.0201 | CE64: 0.0206 | CF64: 0 | CG64: 0.1896 | CH64: 0 | CI64: 0.2651 | CJ64: 0 | CK64: 0 | CL64: 0 | CM64: 0.3642 | CN64: 0.0002 | CO64: 6.2872 | CP64: 6.9975 | CQ64: 12.5815 | CR64: 13.7773 | CS64: 12.5839 | CT64: 9.3657 | CU64: 11.0285 | CV64: 6.3006 | CW64: 5.4419 | CX64: 5.6055 | CY64: 4.8595 | CZ64: 4.4044 | DA64: 6.0197 | DB64: 5.6889 | DC64: 5.4971 | DD64: 4.7402 | DE64: 5.1089 | DF64: 5.2837 | DG64: 4.4383 | DH64: 4.9405 | DI64: 5.8475 | DJ64: 6.2791 | DK64: 6.7661 | DL64: 5.4991 | DM64: 6.441 | DN64: 5.7396 | DO64: 4.8086 | DP64: 5.6043 | DQ64: 8.6162 | DR64: 9.6436 | DS64: 10.4654 | DT64: 9.4073 | DU64: 11.448 | DV64: 8.8018 | DW64: 10.2272 | DX64: 7.9101 | DY64: 6.5927 | DZ64: 5.828 | EA64: 7.0601 | EB64: 5.7485 | EC64: 3.611 | ED64: 2.9376 | EE64: 1.6658 | EF64: 1.9193 | EG64: 2.8263 | EH64: 3.1696 | EI64: 2.5476 | EJ64: 2.2119 | EK64: 0.6843 | EL64: 0.8035 | EM64: 1.2837 | EN64: 0.5138 | EO64: 0.3276 | EP64: 0.5385 | EQ64: 1.2496 | ER64: 0.6531 | ES64: 0.2549 | ET64: 0.5295 | EU64: 0.2147 | EV64: 0.031 | EW64: 0.1245 | EX64: 0.2583 | EY64: 0.142 | EZ64: 0 | FA64: 0 | FB64: 0 | FC64: 0.0997 | FD64: 0.3247 | FE64: 0.6144 | FF64: 0.0516 | FG64: 0.0226 | FH64: 0.0234 | FI64: 0 | FJ64: 0.2211 | FK64: 0 | FL64: 0.3184 | FM64: 0 | FN64: 0 | FO64: 0 | FP64: 0.4724
A65: N1517 | B65: VWAD | C65: 138 | D65: VWAD.138.4 | G65: 1329.5182 | H65: 108.2098 | I65: 339.9512 | J65: 0.8139 | K65: 0 | L65: 63.3178 | M65: 62.657 | N65: 105.9983 | O65: 114.5968 | P65: 96.4022 | Q65: 71.9485 | R65: 78.572 | S65: 52.3015 | T65: 49.8629 | U65: 46.7435 | V65: 39.6604 | W65: 34.901 | X65: 34.1413 | Y65: 26.0433 | Z65: 22.2801 | AA65: 23.0225 | AB65: 19.5314 | AC65: 17.0905 | AD65: 18.6133 | AE65: 15.2031 | AF65: 13.6942 | AG65: 11.5247 | AH65: 13.2325 | AI65: 10.733 | AJ65: 8.7804 | AK65: 12.5592 | AL65: 13.4947 | AM65: 13.1353 | AN65: 13.8455 | AO65: 15.3386 | AP65: 14.9581 | AQ65: 16.3937 | AR65: 15.1642 | AS65: 13.8251 | AT65: 13.1582 | AU65: 10.7889 | AV65: 11.8108 | AW65: 9.7817 | AX65: 8.0871 | AY65: 9.621 | AZ65: 8.0839 | BA65: 8.3472 | BB65: 5.1626 | BC65: 4.8773 | BD65: 5.0757 | BE65: 4.8933 | BF65: 4.0925 | BG65: 4.0956 | BH65: 3.0976 | BI65: 3.0252 | BJ65: 3.4898 | BK65: 2.1199 | BL65: 3.8984 | BM65: 2.8313 | BN65: 3.1213 | BO65: 1.7814 | BP65: 1.1715 | BQ65: 2.2006 | BR65: 0.791 | BS65: 0.9252 | BT65: 0.7906 | BU65: 0.3486 | BV65: 0.4441 | BW65: 0.9229 | BX65: 0.4471 | BY65: 0.5794 | BZ65: 0.4743 | CA65: 0.6543 | CB65: 0.6183 | CC65: 0.1052 | CD65: 0.5954 | CE65: 0.1279 | CF65: 0.0714 | CG65: 0.2499 | CH65: 0.1496 | CI65: 0.1866 | CJ65: 0.1898 | CK65: 0.0952 | CL65: 0.0354 | CM65: 5.0251 | CN65: 0 | CO65: 1.6659 | CP65: 2.432 | CQ65: 5.8643 | CR65: 8.0178 | CS65: 8.2895 | CT65: 7.3464 | CU65: 9.2714 | CV65: 6.9584 | CW65: 7.4267 | CX65: 7.6896 | CY65: 7.1668 | CZ65: 6.8576 | DA65: 7.2375 | DB65: 5.9426 | DC65: 5.4294 | DD65: 5.9807 | DE65: 5.3613 | DF65: 4.9617 | DG65: 5.684 | DH65: 4.9028 | DI65: 4.6292 | DJ65: 4.0816 | DK65: 4.8836 | DL65: 4.1303 | DM65: 3.5164 | DN65: 5.2219 | DO65: 5.8441 | DP65: 5.8683 | DQ65: 6.4085 | DR65: 7.3472 | DS65: 7.4109 | DT65: 8.373 | DU65: 7.9802 | DV65: 7.4912 | DW65: 7.3343 | DX65: 6.1943 | DY65: 6.9592 | DZ65: 5.9091 | EA65: 5.0165 | EB65: 6.121 | EC65: 5.2693 | ED65: 5.5672 | EE65: 3.5285 | EF65: 3.414 | EG65: 3.6316 | EH65: 3.5715 | EI65: 3.0525 | EJ65: 3.1143 | EK65: 2.4103 | EL65: 2.3979 | EM65: 2.8159 | EN65: 1.7465 | EO65: 3.2717 | EP65: 2.4245 | EQ65: 2.7222 | ER65: 1.583 | ES65: 1.0579 | ET65: 2.0231 | EU65: 0.7422 | EV65: 0.8805 | EW65: 0.7643 | EX65: 0.342 | EY65: 0.4429 | EZ65: 0.9321 | FA65: 0.4603 | FB65: 0.604 | FC65: 0.5011 | FD65: 0.7069 | FE65: 0.6757 | FF65: 0.1165 | FG65: 0.6673 | FH65: 0.1463 | FI65: 0.0825 | FJ65: 0.294 | FK65: 0.1771 | FL65: 0.2235 | FM65: 0.2306 | FN65: 0.118 | FO65: 0.0442 | FP65: 7.0546
A66: N1519 | B66: VWAD | C66: 122 | D66: VWAD.122.4 | E66: =VLOOKUP(A66,[1]RHIZOMES!$A$1:$B$1048576,2,0) -> #N/A | F66: =VLOOKUP(A66,[1]ROOT!$A$1:$C$1048576,3,0) -> #N/A | G66: 1142.8522 | H66: 97.2703 | I66: 305.5836 | J66: 0.8068 | K66: 0 | L66: 102.183 | M66: 117.8116 | N66: 78.5307 | O66: 0.2747 | P66: 91.3296 | Q66: 40.9027 | R66: 61.302 | S66: 33.6753 | T66: 5.6675 | U66: 29.63 | V66: 19.0502 | W66: 18.7258 | X66: 20.6603 | Y66: 15.7102 | Z66: 17.2905 | AA66: 9.9339 | AB66: 16.4346 | AC66: 7.1735 | AD66: 25.2152 | AE66: 13.5747 | AF66: 27.655 | AG66: 11.7441 | AH66: 21.6698 | AI66: 25.7022 | AJ66: 5.3493 | AK66: 31.9393 | AL66: 29.9182 | AM66: 16.1872 | AN66: 15.9549 | AO66: 33.1438 | AP66: 13.8332 | AQ66: 23.538 | AR66: 19.3774 | AS66: 14.9949 | AT66: 28.3517 | AU66: 24.5697 | AV66: 3.1258 | AW66: 18.4019 | AX66: 13.9237 | AY66: 5.1808 | AZ66: 7.5543 | BA66: 5.1718 | BB66: 4.1683 | BC66: 2.0886 | BD66: 1.8218 | BE66: 2.7827 | BF66: 0.6876 | BG66: 0.8682 | BH66: 0.7906 | BI66: 0.3496 | BJ66: 0.7293 | BK66: 0.5798 | BL66: 0.2861 | BM66: 0.147 | BN66: 1.0576 | BO66: 0.0338 | BP66: 1.2943 | BQ66: 0.1078 | BR66: 0.0402 | BS66: 0.1401 | BT66: 0.1359 | BU66: 0.0338 | BV66: 0.1448 | BW66: 0.157 | BX66: 0.1998 | BY66: 0.0281 | BZ66: 0.0529 | CA66: 0.0692 | CB66: 0.4814 | CC66: 0.0825 | CD66: 0.2544 | CE66: 0.0127 | CF66: 0.027 | CG66: 0.0386 | CH66: 0 | CI66: 0.0397 | CJ66: 0.0698 | CK66: 0.1132 | CL66: 0.2131 | CM66: 0.027 | CN66: 0 | CO66: 2.1763 | CP66: 4.9925 | CQ66: 4.7969 | CR66: 0.019 | CS66: 7.6391 | CT66: 4.1457 | CU66: 7.1588 | CV66: 4.6761 | CW66: 0.8195 | CX66: 4.8293 | CY66: 3.4925 | CZ66: 3.7136 | DA66: 4.3568 | DB66: 3.5701 | DC66: 4.2446 | DD66: 2.5403 | DE66: 4.5041 | DF66: 2.0744 | DG66: 7.6805 | DH66: 4.3601 | DI66: 9.4159 | DJ66: 4.1669 | DK66: 7.9914 | DL66: 10.0152 | DM66: 2.1292 | DN66: 13.2786 | DO66: 13.0406 | DP66: 7.344 | DQ66: 7.3418 | DR66: 15.8675 | DS66: 6.8651 | DT66: 12.0362 | DU66: 10.2332 | DV66: 8.0518 | DW66: 15.7747 | DX66: 14.1852 | DY66: 1.8521 | DZ66: 11.0188 | EA66: 8.6345 | EB66: 3.313 | EC66: 4.9091 | ED66: 3.4344 | EE66: 2.854 | EF66: 1.4671 | EG66: 1.305 | EH66: 2.0292 | EI66: 0.5113 | EJ66: 0.6607 | EK66: 0.62 | EL66: 0.2786 | EM66: 0.5876 | EN66: 0.4787 | EO66: 0.2421 | EP66: 0.1256 | EQ66: 0.9258 | ER66: 0.0301 | ES66: 1.164 | ET66: 0.0993 | EU66: 0.0374 | EV66: 0.1325 | EW66: 0.1316 | EX66: 0.0334 | EY66: 0.1435 | EZ66: 0.1592 | FA66: 0.207 | FB66: 0.0293 | FC66: 0.0558 | FD66: 0.0744 | FE66: 0.527 | FF66: 0.0912 | FG66: 0.2865 | FH66: 0.0144 | FI66: 0.0312 | FJ66: 0.0454 | FK66: 0 | FL66: 0.0475 | FM66: 0.0851 | FN66: 0.1402 | FO66: 0.2651 | FP66: 0.034
A67: N1601 | B67: ADVW | C67: 388 | D67: ADVW.388.4 | F67: =VLOOKUP(A67,[1]ROOT!$A$1:$C$1048576,3,0) -> #N/A | G67: 583.1219 | H67: 35.4907 | I67: 111.4975 | J67: 0.6086 | K67: 0 | L67: 71.5172 | M67: 78.0425 | N67: 62.0042 | O67: 0.1461 | P67: 66.9312 | Q67: 26.7659 | R67: 46.3444 | S67: 22.132 | T67: 4.2688 | U67: 19.353 | V67: 12.8524 | W67: 5.7652 | X67: 7.4758 | Y67: 6.401 | Z67: 3.2238 | AA67: 2.7864 | AB67: 5.0319 | AC67: 4.5257 | AD67: 9.9474 | AE67: 5.9037 | AF67: 11.6611 | AG67: 3.9603 | AH67: 6.9126 | AI67: 7.6988 | AJ67: 1.3291 | AK67: 9.6642 | AL67: 6.9739 | AM67: 3.1577 | AN67: 3.6211 | AO67: 8.4554 | AP67: 6.2262 | AQ67: 10.2999 | AR67: 8.0592 | AS67: 4.9975 | AT67: 6.0405 | AU67: 4.4711 | AV67: 0.148 | AW67: 2.6801 | AX67: 4.2096 | AY67: 0.3294 | AZ67: 2.8704 | BA67: 3.553 | BB67: 1.5728 | BC67: 0.8 | BD67: 0.348 | BE67: 0.2697 | BF67: 0 | BG67: 0.2088 | BH67: 0.0317 | BI67: 0 | BJ67: 0.0354 | BK67: 0.1274 | BL67: 0.0814 | BM67: 0 | BN67: 0.0931 | BO67: 0.0137 | BP67: 0.0349 | BQ67: 0 | BR67: 0 | BS67: 0.0159 | BT67: 0.0137 | BU67: 0 | BV67: 0 | BW67: 0.0587 | BX67: 0 | BY67: 0 | BZ67: 0 | CA67: 0 | CB67: 0 | CC67: 0 | CD67: 0 | CE67: 0 | CF67: 0 | CG67: 0 | CH67: 0 | CI67: 0 | CJ67: 0 | CK67: 0 | CL67: 0 | CM67: 0 | CN67: 0 | CO67: 1.5335 | CP67: 3.3263 | CQ67: 3.7903 | CR67: 0.0101 | CS67: 5.6 | CT67: 2.7254 | CU67: 5.4045 | CV67: 3.0697 | CW67: 0.6172 | CX67: 3.142 | CY67: 2.3522 | CZ67: 1.1442 | DA67: 1.5618 | DB67: 1.4546 | DC67: 0.7942 | DD67: 0.7091 | DE67: 1.3818 | DF67: 1.3087 | DG67: 3.0396 | DH67: 1.8982 | DI67: 3.9667 | DJ67: 1.4041 | DK67: 2.5524 | DL67: 3.0051 | DM67: 0.5284 | DN67: 4.0289 | DO67: 3.0381 | DP67: 1.4335 | DQ67: 1.6664 | DR67: 4.0547 | DS67: 3.0927 | DT67: 5.2703 | DU67: 4.2464 | DV67: 2.6837 | DW67: 3.356 | DX67: 2.5793 | DY67: 0.0877 | DZ67: 1.6052 | EA67: 2.612 | EB67: 0.2107 | EC67: 1.8645 | ED67: 2.3637 | EE67: 1.0808 | EF67: 0.5622 | EG67: 0.2485 | EH67: 0.1955 | EI67: 0 | EJ67: 0.1585 | EK67: 0.0248 | EL67: 0 | EM67: 0.0285 | EN67: 0.1054 | EO67: 0.0689 | EP67: 0 | EQ67: 0.0814 | ER67: 0.0122 | ES67: 0.0317 | ET67: 0 | EU67: 0 | EV67: 0.0151 | EW67: 0.0133 | EX67: 0 | EY67: 0 | EZ67: 0.0594 | FA67: 0 | FB67: 0 | FC67: 0 | FD67: 0 | FE67: 0 | FF67: 0 | FG67: 0 | FH67: 0 | FI67: 0 | FJ67: 0 | FK67: 0 | FL67: 0 | FM67: 0 | FN67: 0 | FO67: 0 | FP67: 0
A68: N1602 | B68: VWAD | C68: 6 | D68: VWAD.6.4 | G68: 1255.3036 | H68: 112.78 | I68: 354.3088 | J68: 0.89315 | K68: 0.0042 | L68: 60.8688 | M68: 59.8883 | N68: 95.61 | O68: 85.4174 | P68: 53.4607 | Q68: 35.6943 | R68: 46.8212 | S68: 32.119 | T68: 27.7726 | U68: 25.7507 | V68: 21.9686 | W68: 20.1322 | X68: 18.9175 | Y68: 13.2808 | Z68: 12.0617 | AA68: 12.6981 | AB68: 17.6932 | AC68: 21.868 | AD68: 30.1519 | AE68: 34.1814 | AF68: 36.6325 | AG68: 30.8944 | AH68: 32.261 | AI68: 27.4853 | AJ68: 27.8154 | AK68: 35.9758 | AL68: 30.3485 | AM68: 30.7794 | AN68: 30.6656 | AO68: 34.3681 | AP68: 36.0001 | AQ68: 30.6147 | AR68: 24.8438 | AS68: 21.2724 | AT68: 23.2266 | AU68: 18.4707 | AV68: 12.722 | AW68: 8.9036 | AX68: 8.4652 | AY68: 4.9279 | AZ68: 2.9128 | BA68: 3.2521 | BB68: 1.771 | BC68: 1.6231 | BD68: 1.8802 | BE68: 1.5887 | BF68: 0.7953 | BG68: 1.1523 | BH68: 0.528 | BI68: 1.0331 | BJ68: 0.8349 | BK68: 1.0086 | BL68: 0.5955 | BM68: 0.434 | BN68: 0.4574 | BO68: 0.1135 | BP68: 0.3961 | BQ68: 0.1848 | BR68: 0.0781 | BS68: 0.0063 | BT68: 0 | BU68: 0.3867 | BV68: 0.0132 | BW68: 0.0069 | BX68: 0.009 | BY68: 0.009 | BZ68: 0 | CA68: 0.3495 | CB68: 0 | CC68: 0 | CD68: 0 | CE68: 0 | CF68: 0 | CG68: 0 | CH68: 0 | CI68: 0 | CJ68: 0 | CK68: 0.2063 | CL68: 0 | CM68: 0 | CN68: 0 | CO68: 1.6073 | CP68: 2.3023 | CQ68: 5.2558 | CR68: 5.9476 | CS68: 4.5849 | CT68: 3.6491 | CU68: 5.5387 | CV68: 4.2958 | CW68: 4.1212 | CX68: 4.2355 | CY68: 3.9842 | CZ68: 3.9347 | DA68: 4.0075 | DB68: 3.029 | DC68: 2.9379 | DD68: 3.2864 | DE68: 4.8664 | DF68: 6.3619 | DG68: 9.2291 | DH68: 11.0018 | DI68: 12.3997 | DJ68: 10.9005 | DK68: 11.9174 | DL68: 10.594 | DM68: 11.1249 | DN68: 14.9741 | DO68: 13.1355 | DP68: 13.7564 | DQ68: 14.2267 | DR68: 16.4584 | DS68: 17.8314 | DT68: 15.6303 | DU68: 13.0766 | DV68: 11.505 | DW68: 12.9394 | DX68: 10.6024 | DY68: 7.491 | DZ68: 5.3848 | EA68: 5.2459 | EB68: 3.1283 | EC68: 1.8946 | ED68: 2.1703 | EE68: 1.2082 | EF68: 1.1341 | EG68: 1.3427 | EH68: 1.161 | EI68: 0.5925 | EJ68: 0.8735 | EK68: 0.4099 | EL68: 0.8164 | EM68: 0.6752 | EN68: 0.8304 | EO68: 0.4997 | EP68: 0.3706 | EQ68: 0.3981 | ER68: 0.1008 | ES68: 0.3566 | ET68: 0.1696 | EU68: 0.0728 | EV68: 0.006 | EW68: 0 | EX68: 0.3772 | EY68: 0.0132 | EZ68: 0.0069 | FA68: 0.0092 | FB68: 0.0094 | FC68: 0 | FD68: 0.3747 | FE68: 0 | FF68: 0 | FG68: 0 | FH68: 0 | FI68: 0 | FJ68: 0 | FK68: 0 | FL68: 0 | FM68: 0 | FN68: 0.2557 | FO68: 0 | FP68: 0
A69: N1607 | B69: ADVW | C69: 288 | D69: ADVW.288.4 | G69: 929.5231 | H69: 81.7436 | I69: 256.8053 | J69: 0.85355 | K69: 0.4005 | L69: 73.3211 | M69: 48.6523 | N69: 65.417 | O69: 47.7975 | P69: 35.2502 | Q69: 24.0388 | R69: 25.2829 | S69: 18.8401 | T69: 16.9194 | U69: 26.8609 | V69: 43.5027 | W69: 36.9029 | X69: 29.6483 | Y69: 26.3936 | Z69: 20.5849 | AA69: 17.2484 | AB69: 14.8163 | AC69: 13.0367 | AD69: 15.2406 | AE69: 13.1507 | AF69: 13.6375 | AG69: 10.4954 | AH69: 10.0739 | AI69: 11.1353 | AJ69: 13.8514 | AK69: 20.4691 | AL69: 17.7592 | AM69: 15.8686 | AN69: 15.7487 | AO69: 16.6196 | AP69: 18.7544 | AQ69: 17.1103 | AR69: 18.7237 | AS69: 21.7457 | AT69: 16.0948 | AU69: 11.8333 | AV69: 7.2619 | AW69: 7.5374 | AX69: 7.0713 | AY69: 4.9677 | AZ69: 4.7638 | BA69: 7.2729 | BB69: 4.4032 | BC69: 2.5842 | BD69: 2.5631 | BE69: 1.1517 | BF69: 2.224 | BG69: 1.9374 | BH69: 1.0989 | BI69: 1.2698 | BJ69: 0.6496 | BK69: 0.5359 | BL69: 1.1854 | BM69: 0.658 | BN69: 0.5963 | BO69: 1.0048 | BP69: 0.8045 | BQ69: 0.6766 | BR69: 0.943 | BS69: 0.3082 | BT69: 0.5319 | BU69: 0.6224 | BV69: 0.2659 | BW69: 0.0655 | BX69: 0.0338 | BY69: 0.2791 | BZ69: 0.0602 | CA69: 0.0956 | CB69: 0.1014 | CC69: 0.3178 | CD69: 0.0518 | CE69: 0.0813 | CF69: 0.0343 | CG69: 0.1869 | CH69: 0 | CI69: 0 | CJ69: 0 | CK69: 0 | CL69: 0 | CM69: 0 | CN69: 0.005 | CO69: 1.8566 | CP69: 1.8959 | CQ69: 3.5901 | CR69: 3.3281 | CS69: 3.0146 | CT69: 2.4444 | CU69: 2.9763 | CV69: 2.5094 | CW69: 2.5173 | CX69: 4.4524 | CY69: 7.8893 | CZ69: 7.2191 | DA69: 6.2886 | DB69: 6.0116 | DC69: 5.0126 | DD69: 4.4522 | DE69: 4.063 | DF69: 3.7914 | DG69: 4.6774 | DH69: 4.2334 | DI69: 4.6063 | DJ69: 3.7027 | DK69: 3.7191 | DL69: 4.2942 | DM69: 5.5422 | DN69: 8.5206 | DO69: 7.6815 | DP69: 7.0999 | DQ69: 7.2787 | DR69: 7.9673 | DS69: 9.2849 | DT69: 8.7357 | DU69: 9.8603 | DV69: 11.7633 | DW69: 8.9784 | DX69: 6.7822 | DY69: 4.2654 | DZ69: 4.5444 | EA69: 4.3894 | EB69: 3.1643 | EC69: 3.0969 | ED69: 4.8519 | EE69: 3.0059 | EF69: 1.8016 | EG69: 1.8328 | EH69: 0.842 | EI69: 1.6577 | EJ69: 1.4763 | EK69: 0.8509 | EL69: 1.0019 | EM69: 0.5265 | EN69: 0.4419 | EO69: 0.996 | EP69: 0.562 | EQ69: 0.5203 | ER69: 0.8911 | ES69: 0.725 | ET69: 0.6221 | EU69: 0.8831 | EV69: 0.293 | EW69: 0.5164 | EX69: 0.6106 | EY69: 0.2661 | EZ69: 0.0664 | FA69: 0.0349 | FB69: 0.2908 | FC69: 0.0639 | FD69: 0.1033 | FE69: 0.1108 | FF69: 0.351 | FG69: 0.0581 | FH69: 0.0922 | FI69: 0.0397 | FJ69: 0.2194 | FK69: 0 | FL69: 0 | FM69: 0 | FN69: 0 | FO69: 0 | FP69: 0
A70: N1610 | B70: ADVW | C70: 254 | D70: ADVW.254.4 | G70: 1691.9327 | H70: 141.8949 | I70: 445.7757 | J70: 0.79403333 | K70: 0.0158 | L70: 107.7278 | M70: 91.4363 | N70: 139.1654 | O70: 101.9412 | P70: 82.691 | Q70: 58.5963 | R70: 52.6151 | S70: 38.9096 | T70: 37.8044 | U70: 44.3759 | V70: 50.7251 | W70: 45.3086 | X70: 39.6786 | Y70: 28.7937 | Z70: 23.1099 | AA70: 25.9563 | AB70: 26.3509 | AC70: 26.5458 | AD70: 32.2815 | AE70: 30.1777 | AF70: 29.8093 | AG70: 25.3398 | AH70: 26.2824 | AI70: 27.9336 | AJ70: 36.0295 | AK70: 42.3565 | AL70: 42.0755 | AM70: 42.9534 | AN70: 39.7201 | AO70: 41.3751 | AP70: 35.7726 | AQ70: 36.0259 | AR70: 28.7703 | AS70: 27.6407 | AT70: 23.0813 | AU70: 19.4774 | AV70: 14.9368 | AW70: 11.1163 | AX70: 10.5761 | AY70: 8.5663 | AZ70: 5.9088 | BA70: 5.8312 | BB70: 4.4538 | BC70: 3.4901 | BD70: 3.2109 | BE70: 3.0378 | BF70: 1.0297 | BG70: 0.9584 | BH70: 0.9244 | BI70: 1.3361 | BJ70: 1.297 | BK70: 0.6549 | BL70: 0.6226 | BM70: 0.2491 | BN70: 0.2707 | BO70: 0.6149 | BP70: 0.1957 | BQ70: 0.4162 | BR70: 0.4696 | BS70: 0.1216 | BT70: 0.5723 | BU70: 0.1285 | BV70: 0.046 | BW70: 0.0798 | BX70: 0.092 | BY70: 0.111 | BZ70: 0.0629 | CA70: 0.0491 | CB70: 0.2735 | CC70: 0.1459 | CD70: 0.1559 | CE70: 0.0069 | CF70: 0.0703 | CG70: 0 | CH70: 0 | CI70: 0 | CJ70: 0 | CK70: 0 | CL70: 0 | CM70: 0 | CN70: 0.0002 | CO70: 2.8477 | CP70: 3.5314 | CQ70: 7.6395 | CR70: 7.1201 | CS70: 7.1042 | CT70: 5.9798 | CU70: 6.2003 | CV70: 5.2052 | CW70: 5.6215 | CX70: 7.3276 | CY70: 9.1918 | CZ70: 8.8917 | DA70: 8.3822 | DB70: 6.5532 | DC70: 5.6295 | DD70: 6.7266 | DE70: 7.2403 | DF70: 7.7241 | DG70: 9.8927 | DH70: 9.717 | DI70: 10.0692 | DJ70: 8.9405 | DK70: 9.7001 | DL70: 10.7668 | DM70: 14.4306 | DN70: 17.6472 | DO70: 18.1966 | DP70: 19.2129 | DQ70: 18.3844 | DR70: 19.8164 | DS70: 17.7051 | DT70: 18.3886 | DU70: 15.1259 | DV70: 14.9506 | DW70: 12.8695 | DX70: 11.1701 | DY70: 8.8048 | DZ70: 6.7228 | EA70: 6.5618 | EB70: 5.4522 | EC70: 3.8485 | ED70: 3.8864 | EE70: 3.0407 | EF70: 2.4387 | EG70: 2.2977 | EH70: 2.2161 | EI70: 0.7653 | EJ70: 0.7304 | EK70: 0.7219 | EL70: 1.056 | EM70: 1.0516 | EN70: 0.5411 | EO70: 0.5237 | EP70: 0.2126 | EQ70: 0.2365 | ER70: 0.5457 | ES70: 0.1763 | ET70: 0.3822 | EU70: 0.4392 | EV70: 0.1155 | EW70: 0.5524 | EX70: 0.1262 | EY70: 0.0458 | EZ70: 0.081 | FA70: 0.095 | FB70: 0.1159 | FC70: 0.0666 | FD70: 0.0531 | FE70: 0.2983 | FF70: 0.1621 | FG70: 0.1753 | FH70: 0.0078 | FI70: 0.081 | FJ70: 0 | FK70: 0 | FL70: 0 | FM70: 0 | FN70: 0 | FO70: 0 | FP70: 0
A71: N1611 | B71: VWAD | C71: 72 | D71: VWAD.72.4 | E71: =VLOOKUP(A71,[1]RHIZOMES!$A$1:$B$1048576,2,0) -> #N/A | F71: =VLOOKUP(A71,[1]ROOT!$A$1:$C$1048576,3,0) -> #N/A | G71: 3415.8753 | H71: 367.1418 | I71: 1153.41 | J71: 0.94831429 | K71: 0.0127 | L71: 11.8839 | M71: 22.7393 | N71: 100.5585 | O71: 131.5899 | P71: 126.3449 | Q71: 295.8348 | R71: 183.3476 | S71: 178.5705 | T71: 160.3564 | U71: 217.7976 | V71: 94.4192 | W71: 142.4224 | X71: 90.3108 | Y71: 62.5252 | Z71: 84.9919 | AA71: 92.0601 | AB71: 82.2909 | AC71: 58.8468 | AD71: 69.887 | AE71: 55.2871 | AF71: 74.3911 | AG71: 35.519 | AH71: 47.4277 | AI71: 54.277 | AJ71: 38.3338 | AK71: 47.2767 | AL71: 32.2619 | AM71: 34.5611 | AN71: 43.2122 | AO71: 40.0061 | AP71: 39.5021 | AQ71: 38.7778 | AR71: 41.4866 | AS71: 33.9608 | AT71: 35.7207 | AU71: 38.7817 | AV71: 21.2874 | AW71: 26.0289 | AX71: 35.3752 | AY71: 24.3008 | AZ71: 32.0795 | BA71: 20.2044 | BB71: 43.1326 | BC71: 30.7978 | BD71: 25.9526 | BE71: 19.3188 | BF71: 18.386 | BG71: 17.8057 | BH71: 22.9681 | BI71: 16.5449 | BJ71: 14.0519 | BK71: 19.1758 | BL71: 11.5608 | BM71: 13.297 | BN71: 11.3704 | BO71: 5.9249 | BP71: 6.4153 | BQ71: 5.5426 | BR71: 5.6868 | BS71: 5.1713 | BT71: 2.6802 | BU71: 2.2427 | BV71: 3.2652 | BW71: 2.6978 | BX71: 2.0802 | BY71: 1.2533 | BZ71: 1.7054 | CA71: 1.5141 | CB71: 1.436 | CC71: 0.6151 | CD71: 0.6428 | CE71: 0.6225 | CF71: 0.7113 | CG71: 0.7754 | CH71: 0.4039 | CI71: 0.2672 | CJ71: 0.1423 | CK71: 0.392 | CL71: 0.0867 | CM71: 1.8118 | CN71: 0.0002 | CO71: 0.3262 | CP71: 0.8766 | CQ71: 5.6882 | CR71: 9.3756 | CS71: 10.6536 | CT71: 29.9393 | CU71: 21.812 | CV71: 23.7835 | CW71: 23.5307 | CX71: 36.2093 | CY71: 17.1581 | CZ71: 27.8906 | DA71: 19.4928 | DB71: 14.1788 | DC71: 20.5783 | DD71: 23.7789 | DE71: 22.7657 | DF71: 17.111 | DG71: 21.3865 | DH71: 17.7161 | DI71: 25.2393 | DJ71: 12.6804 | DK71: 17.4175 | DL71: 20.9294 | DM71: 15.3361 | DN71: 19.7175 | DO71: 13.9543 | DP71: 15.4264 | DQ71: 19.9892 | DR71: 19.2441 | DS71: 19.5565 | DT71: 19.754 | DU71: 21.8049 | DV71: 18.3476 | DW71: 19.8545 | DX71: 22.267 | DY71: 12.5822 | DZ71: 15.6788 | EA71: 21.9581 | EB71: 15.4921 | EC71: 20.9697 | ED71: 13.4228 | EE71: 29.3695 | EF71: 21.5907 | EG71: 18.6256 | EH71: 14.121 | EI71: 13.6755 | EJ71: 13.5524 | EK71: 17.8702 | EL71: 13.1243 | EM71: 11.3662 | EN71: 15.809 | EO71: 9.7271 | EP71: 11.3689 | EQ71: 9.9157 | ER71: 5.2593 | ES71: 5.7853 | ET71: 5.0813 | EU71: 5.3182 | EV71: 4.9203 | EW71: 2.5934 | EX71: 2.2001 | EY71: 3.2509 | EZ71: 2.7361 | FA71: 2.1441 | FB71: 1.3052 | FC71: 1.8052 | FD71: 1.6321 | FE71: 1.5731 | FF71: 0.683 | FG71: 0.7206 | FH71: 0.7107 | FI71: 0.824 | FJ71: 0.9111 | FK71: 0.4794 | FL71: 0.3205 | FM71: 0.1731 | FN71: 0.4828 | FO71: 0.1087 | FP71: 2.3811
A72: N1612 | B72: F0 | C72: AP13 | D72: F0.AP13 | G72: 2702.565 | H72: 315.6737 | I72: 991.7182 | J72: 1.18182 | K72: 0.1603 | L72: 22.6299 | M72: 31.3978 | N72: 106.0033 | O72: 144.5021 | P72: 156.3175 | Q72: 216.8892 | R72: 127.1736 | S72: 92.6908 | T72: 81.0243 | U72: 97.6958 | V72: 45.119 | W72: 63.7809 | X72: 41.67 | Y72: 27.8037 | Z72: 26.8427 | AA72: 43.1518 | AB72: 39.3221 | AC72: 25.9502 | AD72: 38.1227 | AE72: 27.2162 | AF72: 42.2858 | AG72: 22.2194 | AH72: 41.7371 | AI72: 52.3392 | AJ72: 28.6399 | AK72: 55.1435 | AL72: 40.452 | AM72: 46.8612 | AN72: 60.0854 | AO72: 76.0008 | AP72: 55.8071 | AQ72: 76.8698 | AR72: 70.8185 | AS72: 54.2308 | AT72: 71.8704 | AU72: 63.2243 | AV72: 38.5168 | AW72: 39.6524 | AX72: 62.473 | AY72: 32.5436 | AZ72: 37.3203 | BA72: 16.2157 | BB72: 34.7639 | BC72: 21.0543 | BD72: 12.2696 | BE72: 17.0294 | BF72: 10.8266 | BG72: 11.1281 | BH72: 10.3269 | BI72: 5.1593 | BJ72: 4.1011 | BK72: 6.8906 | BL72: 2.4837 | BM72: 3.368 | BN72: 3.1933 | BO72: 1.2803 | BP72: 1.8162 | BQ72: 2.4167 | BR72: 1.7248 | BS72: 1.6493 | BT72: 1.1723 | BU72: 0.8417 | BV72: 1.2669 | BW72: 1.0854 | BX72: 0.9971 | BY72: 0.7609 | BZ72: 0.2897 | CA72: 0.0846 | CB72: 0.5154 | CC72: 0.1877 | CD72: 0.6072 | CE72: 0.0137 | CF72: 0.1671 | CG72: 0.9049 | CH72: 0.0227 | CI72: 0 | CJ72: 0 | CK72: 0.1148 | CL72: 0.012 | CM72: 0.6547 | CN72: 0.002 | CO72: 0.596 | CP72: 1.2179 | CQ72: 5.9942 | CR72: 10.4903 | CS72: 13.496 | CT72: 21.8793 | CU72: 15.0641 | CV72: 12.3543 | CW72: 11.8875 | CX72: 16.2254 | CY72: 8.2139 | CZ72: 12.4938 | DA72: 8.9741 | DB72: 6.31 | DC72: 6.5011 | DD72: 11.1325 | DE72: 10.8642 | DF72: 7.547 | DG72: 11.6835 | DH72: 8.7232 | DI72: 14.341 | DJ72: 7.9449 | DK72: 15.3263 | DL72: 20.2545 | DM72: 11.4572 | DN72: 22.9568 | DO72: 17.5363 | DP72: 20.8896 | DQ72: 27.8073 | DR72: 36.6038 | DS72: 27.5152 | DT72: 39.1158 | DU72: 37.279 | DV72: 29.3334 | DW72: 39.9046 | DX72: 36.2953 | DY72: 22.7859 | DZ72: 23.8906 | EA72: 38.7495 | EB72: 20.7302 | EC72: 24.3645 | ED72: 10.778 | EE72: 23.6567 | EF72: 14.7735 | EG72: 8.7998 | EH72: 12.4285 | EI72: 8.0685 | EJ72: 8.4507 | EK72: 8.0374 | EL72: 4.0806 | EM72: 3.3123 | EN72: 5.6874 | EO72: 2.0908 | EP72: 2.8793 | EQ72: 2.7888 | ER72: 1.1358 | ES72: 1.6359 | ET72: 2.2192 | EU72: 1.6111 | EV72: 1.5662 | EW72: 1.1314 | EX72: 0.8255 | EY72: 1.2596 | EZ72: 1.1023 | FA72: 1.0285 | FB72: 0.7939 | FC72: 0.3067 | FD72: 0.091 | FE72: 0.562 | FF72: 0.2074 | FG72: 0.6815 | FH72: 0.0157 | FI72: 0.1929 | FJ72: 1.0597 | FK72: 0.027 | FL72: 0 | FM72: 0 | FN72: 0.1423 | FO72: 0.033 | FP72: 0.889
A73: N1615 | B73: ADVW | C73: 303 | D73: ADVW.303.4 | F73: 5.0615 | G73: 7746.5007 | H73: 444.9028 | I73: 1397.7034 | J73: 0.519225 | K73: 0 | L73: 873.3021 | M73: 1219.6293 | N73: 906.8412 | O73: 2.7831 | P73: 851.5457 | Q73: 301.3722 | R73: 435.6507 | S73: 269.5747 | T73: 50.6171 | U73: 292.2408 | V73: 251.4421 | W73: 148.1271 | X73: 188.9714 | Y73: 149.1364 | Z73: 132.5165 | AA73: 92.6407 | AB73: 150.9505 | AC73: 54.8204 | AD73: 133.7455 | AE73: 69.9456 | AF73: 119.1187 | AG73: 45.2868 | AH73: 74.5182 | AI73: 80.62 | AJ73: 19.9192 | AK73: 82.3823 | AL73: 74.1447 | AM73: 37.7699 | AN73: 31.5861 | AO73: 69.9332 | AP73: 43.5225 | AQ73: 56.5455 | AR73: 37.3775 | AS73: 39.9508 | AT73: 61.4759 | AU73: 43.0206 | AV73: 4.2298 | AW73: 35.3059 | AX73: 35.2854 | AY73: 23.5902 | AZ73: 22.3292 | BA73: 17.3041 | BB73: 21.525 | BC73: 13.2432 | BD73: 7.8224 | BE73: 11.9259 | BF73: 2.4892 | BG73: 10.2217 | BH73: 7.8206 | BI73: 2.4768 | BJ73: 5.1577 | BK73: 4.8997 | BL73: 4.286 | BM73: 1.7829 | BN73: 3.0809 | BO73: 0.9943 | BP73: 2.2257 | BQ73: 1.6972 | BR73: 1.7748 | BS73: 1.9642 | BT73: 1.1786 | BU73: 0.121 | BV73: 0.8431 | BW73: 0.3718 | BX73: 0.8437 | BY73: 0.0572 | BZ73: 0.1968 | CA73: 0.1968 | CB73: 0.4566 | CC73: 0.0069 | CD73: 0.3108 | CE73: 0.46 | CF73: 0.055 | CG73: 0.045 | CH73: 0 | CI73: 0.0254 | CJ73: 0.1618 | CK73: 0.2035 | CL73: 0 | CM73: 1.349 | CN73: 0 | CO73: 18.7894 | CP73: 52.038 | CQ73: 55.4308 | CR73: 0.1923 | CS73: 70.9745 | CT73: 30.6225 | CU73: 50.8943 | CV73: 37.4327 | CW73: 7.3185 | CX73: 47.4946 | CY73: 45.9695 | CZ73: 29.3963 | DA73: 39.6463 | DB73: 33.8958 | DC73: 32.5185 | DD73: 23.6782 | DE73: 41.3952 | DF73: 15.8526 | DG73: 40.6454 | DH73: 22.4694 | DI73: 40.4348 | DJ73: 16.0721 | DK73: 27.5185 | DL73: 31.3741 | DM73: 7.928 | DN73: 34.2238 | DO73: 32.3124 | DP73: 17.1468 | DQ73: 14.5254 | DR73: 33.441 | DS73: 21.6123 | DT73: 28.943 | DU73: 19.6785 | DV73: 21.4688 | DW73: 34.1908 | DX73: 24.8333 | DY73: 2.5062 | DZ73: 21.1415 | EA73: 21.8682 | EB73: 15.0865 | EC73: 14.5474 | ED73: 11.5019 | EE73: 14.6858 | EF73: 9.2886 | EG73: 5.6018 | EH73: 8.729 | EI73: 1.8509 | EJ73: 7.7784 | EK73: 6.1171 | EL73: 1.9742 | EM73: 4.156 | EN73: 4.0354 | EO73: 3.6216 | EP73: 1.5257 | EQ73: 2.6914 | ER73: 0.883 | ES73: 2.0075 | ET73: 1.5606 | EU73: 1.6557 | EV73: 1.8653 | EW73: 1.1418 | EX73: 0.1193 | EY73: 0.8373 | EZ73: 0.3768 | FA73: 0.8719 | FB73: 0.0593 | FC73: 0.208 | FD73: 0.2123 | FE73: 0.5002 | FF73: 0.0076 | FG73: 0.3729 | FH73: 0.5227 | FI73: 0.0635 | FJ73: 0.053 | FK73: 0 | FL73: 0.0304 | FM73: 0.1963 | FN73: 0.2671 | FO73: 0 | FP73: 1.8853
A74: N1616 | B74: VWAD | C74: 25 | D74: VWAD.25.4 | F74: 6.1158 | G74: 2544.9171 | H74: 233.0597 | I74: 732.1784 | J74: 0.8943 | K74: 0 | L74: 214.6407 | M74: 237.3105 | N74: 192.9122 | O74: 0.7456 | P74: 217.1995 | Q74: 98.7043 | R74: 128.4098 | S74: 74.7287 | T74: 14.8323 | U74: 62.5828 | V74: 56.4553 | W74: 41.6354 | X74: 56.2607 | Y74: 37.1356 | Z74: 42.5979 | AA74: 23.4311 | AB74: 43.6393 | AC74: 18.5164 | AD74: 36.9811 | AE74: 18.4618 | AF74: 33.6721 | AG74: 18.7159 | AH74: 32.3802 | AI74: 49.6004 | AJ74: 13.3207 | AK74: 42.982 | AL74: 40.7617 | AM74: 24.1282 | AN74: 19.745 | AO74: 40.3761 | AP74: 33.1211 | AQ74: 41.3293 | AR74: 28.8631 | AS74: 41.42 | AT74: 60.0943 | AU74: 55.9334 | AV74: 2.5402 | AW74: 53.2842 | AX74: 52.175 | AY74: 30.6699 | AZ74: 24.95 | BA74: 22.1732 | BB74: 30.9346 | BC74: 24.7921 | BD74: 13.3948 | BE74: 16.7915 | BF74: 5.765 | BG74: 18.4904 | BH74: 13.1126 | BI74: 5.4768 | BJ74: 6.1052 | BK74: 7.807 | BL74: 5.2521 | BM74: 3.0094 | BN74: 4.0677 | BO74: 0.5688 | BP74: 1.7801 | BQ74: 0.6405 | BR74: 1.6249 | BS74: 0.9681 | BT74: 1.0289 | BU74: 0.0989 | BV74: 0.3343 | BW74: 0.7427 | BX74: 0.0264 | BY74: 0.0872 | BZ74: 0.2349 | CA74: 0.398 | CB74: 0.0587 | CC74: 0.0338 | CD74: 0.2089 | CE74: 0.0137 | CF74: 0.1062 | CG74: 0.018 | CH74: 0 | CI74: 0 | CJ74: 0.0862 | CK74: 0 | CL74: 0 | CM74: 0 | CN74: 0 | CO74: 4.5883 | CP74: 10.0715 | CQ74: 11.7993 | CR74: 0.0516 | CS74: 18.0133 | CT74: 9.9973 | CU74: 15.0792 | CV74: 10.3764 | CW74: 2.1446 | CX74: 10.1513 | CY74: 10.3228 | CZ74: 8.2782 | DA74: 11.8768 | DB74: 8.4466 | DC74: 10.4425 | DD74: 6.0124 | DE74: 11.9303 | DF74: 5.3544 | DG74: 11.2453 | DH74: 5.9328 | DI74: 11.458 | DJ74: 6.6558 | DK74: 11.9708 | DL74: 19.2618 | DM74: 5.3115 | DN74: 17.8535 | DO74: 17.762 | DP74: 10.9596 | DQ74: 9.0777 | DR74: 19.292 | DS74: 16.4546 | DT74: 21.1995 | DU74: 15.165 | DV74: 22.2625 | DW74: 33.4606 | DX74: 32.3023 | DY74: 1.5051 | DZ74: 31.9044 | EA74: 32.3243 | EB74: 19.6093 | EC74: 16.2863 | ED74: 14.7176 | EE74: 21.0758 | EF74: 17.3777 | EG74: 9.6066 | EH74: 12.2744 | EI74: 4.2867 | EJ74: 14.0611 | EK74: 10.2448 | EL74: 4.3632 | EM74: 4.9191 | EN74: 6.4279 | EO74: 4.4241 | EP74: 2.5748 | EQ74: 3.5521 | ER74: 0.5051 | ES74: 1.603 | ET74: 0.5888 | EU74: 1.5142 | EV74: 0.9237 | EW74: 0.9959 | EX74: 0.0967 | EY74: 0.332 | EZ74: 0.7542 | FA74: 0.0273 | FB74: 0.0905 | FC74: 0.2482 | FD74: 0.428 | FE74: 0.0644 | FF74: 0.0373 | FG74: 0.2355 | FH74: 0.0156 | FI74: 0.1228 | FJ74: 0.0211 | FK74: 0 | FL74: 0 | FM74: 0.1051 | FN74: 0 | FO74: 0 | FP74: 0
A75: N1618 | B75: F0 | C75: VS16 | D75: F0.VS16 | G75: 1113.0712 | H75: 76.9778 | I75: 241.8327 | J75: 0.7182 | K75: 0.0598 | L75: 18.4628 | M75: 44.5951 | N75: 179.9784 | O75: 97.4533 | P75: 64.838 | Q75: 90.0223 | R75: 57.1605 | S75: 54.352 | T75: 47.7499 | U75: 70.9056 | V75: 32.7635 | W75: 46.7976 | X75: 26.8246 | Y75: 18.8936 | Z75: 21.0136 | AA75: 25.9762 | AB75: 20.9085 | AC75: 14.7426 | AD75: 17.6968 | AE75: 12.4147 | AF75: 19.3513 | AG75: 8.1523 | AH75: 13.2407 | AI75: 17.3133 | AJ75: 5.1293 | AK75: 7.9213 | AL75: 3.7373 | AM75: 3.7764 | AN75: 3.9483 | AO75: 3.2963 | AP75: 2.1838 | AQ75: 4.7847 | AR75: 3.5665 | AS75: 5.5874 | AT75: 6.6106 | AU75: 3.4034 | AV75: 2.3636 | AW75: 2.893 | AX75: 2.4433 | AY75: 0.688 | AZ75: 0.8623 | BA75: 0.572 | BB75: 0.9068 | BC75: 0.785 | BD75: 0.4509 | BE75: 2.2486 | BF75: 0.9789 | BG75: 2.6011 | BH75: 1.0171 | BI75: 1.7002 | BJ75: 0.7379 | BK75: 2.2945 | BL75: 1.4057 | BM75: 1.9394 | BN75: 1.4311 | BO75: 1.5251 | BP75: 0.669 | BQ75: 0.8825 | BR75: 0.6804 | BS75: 0.3349 | BT75: 0.249 | BU75: 0.9386 | BV75: 0.3222 | BW75: 0.5047 | BX75: 0.0746 | BY75: 0.2357 | BZ75: 0.2827 | CA75: 0.0618 | CB75: 0.0402 | CC75: 0.0445 | CD75: 0.3813 | CE75: 0.019 | CF75: 0.0222 | CG75: 0.0365 | CH75: 0.0307 | CI75: 0.4103 | CJ75: 0.0354 | CK75: 0.0856 | CL75: 0.4059 | CM75: 0.711 | CN75: 0.0008 | CO75: 0.4928 | CP75: 1.8053 | CQ75: 9.94 | CR75: 6.8691 | CS75: 5.4969 | CT75: 9.1073 | CU75: 6.7998 | CV75: 7.2267 | CW75: 7.0061 | CX75: 11.7951 | CY75: 5.9718 | CZ75: 9.1544 | DA75: 5.7865 | DB75: 4.2945 | DC75: 5.086 | DD75: 6.6985 | DE75: 5.7706 | DF75: 4.2827 | DG75: 5.4387 | DH75: 3.9745 | DI75: 6.5581 | DJ75: 2.904 | DK75: 4.8549 | DL75: 6.698 | DM75: 2.0499 | DN75: 3.3009 | DO75: 1.6248 | DP75: 1.6827 | DQ75: 1.8261 | DR75: 1.5891 | DS75: 1.0765 | DT75: 2.4399 | DU75: 1.8817 | DV75: 3.0178 | DW75: 3.6742 | DX75: 1.9494 | DY75: 1.3976 | DZ75: 1.7461 | EA75: 1.5157 | EB75: 0.4385 | EC75: 0.5619 | ED75: 0.3824 | EE75: 0.6178 | EF75: 0.5505 | EG75: 0.3222 | EH75: 1.6402 | EI75: 0.7282 | EJ75: 1.9741 | EK75: 0.7934 | EL75: 1.3448 | EM75: 0.594 | EN75: 1.8916 | EO75: 1.1876 | EP75: 1.6575 | EQ75: 1.2501 | ER75: 1.3495 | ES75: 0.602 | ET75: 0.8091 | EU75: 0.6372 | EV75: 0.3168 | EW75: 0.2411 | EX75: 0.9203 | EY75: 0.3213 | EZ75: 0.5132 | FA75: 0.0768 | FB75: 0.2446 | FC75: 0.2978 | FD75: 0.0669 | FE75: 0.044 | FF75: 0.0493 | FG75: 0.4263 | FH75: 0.0216 | FI75: 0.0256 | FJ75: 0.0428 | FK75: 0.0364 | FL75: 0.4914 | FM75: 0.0432 | FN75: 0.1053 | FO75: 0.5069 | FP75: 0.9978
A76: N1703 | B76: F0 | C76: DAC | D76: F0.DAC | G76: 1585.9721 | H76: 106.135 | I76: 333.4329 | J76: 0.67165 | K76: 0.0635 | L76: 17.5261 | M76: 31.8424 | N76: 153.7946 | O76: 146.6224 | P76: 135.5773 | Q76: 168.9655 | R76: 97.6171 | S76: 85.8417 | T76: 77.6778 | U76: 96.9831 | V76: 40.5602 | W76: 59.7604 | X76: 42.1541 | Y76: 28.296 | Z76: 39.8759 | AA76: 46.991 | AB76: 41.7932 | AC76: 30.7093 | AD76: 33.8653 | AE76: 22.4227 | AF76: 27.1255 | AG76: 10.1706 | AH76: 19.8344 | AI76: 24.2364 | AJ76: 14.2196 | AK76: 17.1986 | AL76: 14.0237 | AM76: 9.0573 | AN76: 11.2507 | AO76: 8.7736 | AP76: 6.4059 | AQ76: 5.3203 | AR76: 2.992 | AS76: 2.3128 | AT76: 2.9014 | AU76: 1.8472 | AV76: 1.6399 | AW76: 1.3143 | AX76: 0.7574 | AY76: 0.302 | AZ76: 0.8667 | BA76: 0.458 | BB76: 0.2542 | BC76: 0.4864 | BD76: 0.567 | BE76: 0.412 | BF76: 0.2908 | BG76: 0.0735 | BH76: 0.2242 | BI76: 0.0846 | BJ76: 0.2656 | BK76: 0.2035 | BL76: 0.0502 | BM76: 0.1898 | BN76: 0.0381 | BO76: 0.0566 | BP76: 0.093 | BQ76: 0.1005 | BR76: 0.1912 | BS76: 0.1385 | BT76: 0.0196 | BU76: 0.0518 | BV76: 0.0132 | BW76: 0.0407 | BX76: 0.0069 | BY76: 0 | BZ76: 0 | CA76: 0 | CB76: 0 | CC76: 0 | CD76: 0 | CE76: 0 | CF76: 0 | CG76: 0 | CH76: 0 | CI76: 0 | CJ76: 0 | CK76: 0 | CL76: 0 | CM76: 0 | CN76: 0.0008 | CO76: 0.468 | CP76: 1.2679 | CQ76: 8.6305 | CR76: 10.5362 | CS76: 11.5464 | CT76: 17.0316 | CU76: 11.6077 | CV76: 11.4519 | CW76: 11.3784 | CX76: 16.0596 | CY76: 7.3874 | CZ76: 11.7017 | DA76: 9.0829 | DB76: 6.4172 | DC76: 9.6741 | DD76: 12.1186 | DE76: 11.5158 | DF76: 8.9447 | DG76: 10.3391 | DH76: 7.1777 | DI76: 9.1939 | DJ76: 3.6342 | DK76: 7.2807 | DL76: 9.3707 | DM76: 5.689 | DN76: 7.169 | DO76: 6.0601 | DP76: 4.0403 | DQ76: 5.2003 | DR76: 4.2203 | DS76: 3.1547 | DT76: 2.7098 | DU76: 1.5773 | DV76: 1.2484 | DW76: 1.6123 | DX76: 1.0613 | DY76: 0.968 | DZ76: 0.7934 | EA76: 0.4694 | EB76: 0.1923 | EC76: 0.5665 | ED76: 0.3042 | EE76: 0.1733 | EF76: 0.3391 | EG76: 0.4039 | EH76: 0.2994 | EI76: 0.2172 | EJ76: 0.0561 | EK76: 0.1743 | EL76: 0.0672 | EM76: 0.2143 | EN76: 0.1676 | EO76: 0.0423 | EP76: 0.1627 | EQ76: 0.0332 | ER76: 0.0503 | ES76: 0.0837 | ET76: 0.0922 | EU76: 0.18 | EV76: 0.1309 | EW76: 0.0188 | EX76: 0.051 | EY76: 0.0132 | EZ76: 0.0413 | FA76: 0.007 | FB76: 0 | FC76: 0 | FD76: 0 | FE76: 0 | FF76: 0 | FG76: 0 | FH76: 0 | FI76: 0 | FJ76: 0 | FK76: 0 | FL76: 0 | FM76: 0 | FN76: 0 | FO76: 0 | FP76: 0
A77: N1707 | B77: ADVW | C77: 204 | D77: ADVW.204.4 | G77: 1462.2708 | H77: 87.0326 | I77: 273.421 | J77: 0.5942 | K77: 0 | L77: 163.6492 | M77: 121.6956 | N77: 146.8745 | O77: 106.3814 | P77: 85.3426 | Q77: 69.6301 | R77: 73.4851 | S77: 50.1826 | T77: 46.4756 | U77: 38.6752 | V77: 27.5699 | W77: 26.0818 | X77: 23.9504 | Y77: 22.7621 | Z77: 23.16 | AA77: 20.6518 | AB77: 23.2888 | AC77: 26.7803 | AD77: 28.7733 | AE77: 27.6294 | AF77: 28.225 | AG77: 29.1327 | AH77: 26.8071 | AI77: 29.1449 | AJ77: 30.3267 | AK77: 30.3514 | AL77: 30.7972 | AM77: 25.2188 | AN77: 19.7098 | AO77: 15.2877 | AP77: 12.4404 | AQ77: 8.4367 | AR77: 6.4175 | AS77: 6.2399 | AT77: 3.4437 | AU77: 2.2853 | AV77: 0.6735 | AW77: 0.6761 | AX77: 0.8978 | AY77: 0.1236 | AZ77: 0.1775 | BA77: 0.5613 | BB77: 0.1578 | BC77: 0.1648 | BD77: 0.0533 | BE77: 0.1432 | BF77: 0.0765 | BG77: 0.1684 | BH77: 0.0137 | BI77: 0.0565 | BJ77: 0.0069 | BK77: 0.0158 | BL77: 0.0179 | BM77: 0.1593 | BN77: 0 | BO77: 0 | BP77: 0 | BQ77: 0 | BR77: 0 | BS77: 0 | BT77: 0 | BU77: 0 | BV77: 0 | BW77: 0 | BX77: 0 | BY77: 0 | BZ77: 0 | CA77: 0 | CB77: 0 | CC77: 0 | CD77: 0 | CE77: 0 | CF77: 0 | CG77: 0 | CH77: 0 | CI77: 0 | CJ77: 0 | CK77: 0 | CL77: 0 | CM77: 0 | CN77: 0 | CO77: 4.1428 | CP77: 4.8033 | CQ77: 8.0692 | CR77: 7.4205 | CS77: 7.3411 | CT77: 7.1098 | CU77: 8.6521 | CV77: 6.6987 | CW77: 6.9246 | CX77: 6.3603 | CY77: 4.9992 | CZ77: 5.0976 | DA77: 5.0803 | DB77: 5.1835 | DC77: 5.6494 | DD77: 5.3504 | DE77: 6.3956 | DF77: 7.7965 | DG77: 8.8112 | DH77: 8.8944 | DI77: 9.5439 | DJ77: 10.2837 | DK77: 9.8963 | DL77: 11.2175 | DM77: 12.1376 | DN77: 12.6113 | DO77: 13.3152 | DP77: 11.2739 | DQ77: 9.1183 | DR77: 7.3209 | DS77: 6.1475 | DT77: 4.2942 | DU77: 3.3809 | DV77: 3.3769 | DW77: 1.9208 | DX77: 1.3109 | DY77: 0.3954 | DZ77: 0.4073 | EA77: 0.5567 | EB77: 0.0787 | EC77: 0.1159 | ED77: 0.3724 | EE77: 0.1077 | EF77: 0.1145 | EG77: 0.038 | EH77: 0.1042 | EI77: 0.0574 | EJ77: 0.1283 | EK77: 0.0107 | EL77: 0.0445 | EM77: 0.0056 | EN77: 0.0131 | EO77: 0.015 | EP77: 0.137 | EQ77: 0 | ER77: 0 | ES77: 0 | ET77: 0 | EU77: 0 | EV77: 0 | EW77: 0 | EX77: 0 | EY77: 0 | EZ77: 0 | FA77: 0 | FB77: 0 | FC77: 0 | FD77: 0 | FE77: 0 | FF77: 0 | FG77: 0 | FH77: 0 | FI77: 0 | FJ77: 0 | FK77: 0 | FL77: 0 | FM77: 0 | FN77: 0 | FO77: 0 | FP77: 0
A78: N1708 | B78: VWAD | C78: 199 | D78: VWAD.199.4 | F78: 1.5208 | G78: 2459.5198 | H78: 182.6212 | I78: 573.7215 | J78: 0.7169 | K78: 0 | L78: 13.0355 | M78: 31.6824 | N78: 191.3546 | O78: 242.1964 | P78: 227.9966 | Q78: 346.7838 | R78: 169.8685 | S78: 149.145 | T78: 113.4371 | U78: 139.2104 | V78: 66.9717 | W78: 83.7903 | X78: 53.6818 | Y78: 34.742 | Z78: 50.7366 | AA78: 40.3207 | AB78: 34.3118 | AC78: 16.8014 | AD78: 22.1626 | AE78: 21.9425 | AF78: 27.31 | AG78: 18.3704 | AH78: 11.7342 | AI78: 15.0858 | AJ78: 9.7733 | AK78: 12.6398 | AL78: 11.1801 | AM78: 11.4187 | AN78: 15.9958 | AO78: 17.1439 | AP78: 11.9255 | AQ78: 10.1229 | AR78: 12.1889 | AS78: 15.3975 | AT78: 13.9032 | AU78: 16.582 | AV78: 6.8467 | AW78: 12.4772 | AX78: 15.2373 | AY78: 14.6983 | AZ78: 15.0028 | BA78: 11.8195 | BB78: 17.1329 | BC78: 12.3102 | BD78: 12.0162 | BE78: 8.7459 | BF78: 8.0097 | BG78: 7.9985 | BH78: 7.9394 | BI78: 6.0296 | BJ78: 3.7614 | BK78: 3.8885 | BL78: 2.1094 | BM78: 2.437 | BN78: 1.3123 | BO78: 1.1942 | BP78: 0.7675 | BQ78: 0.7433 | BR78: 0.5989 | BS78: 0.2555 | BT78: 0.6261 | BU78: 0.3352 | BV78: 0.5236 | BW78: 0.2274 | BX78: 0.421 | BY78: 0.3533 | BZ78: 0.2476 | CA78: 0.2306 | CB78: 0.6475 | CC78: 0.0196 | CD78: 0.0132 | CE78: 0.0127 | CF78: 0.0206 | CG78: 0.1782 | CH78: 0.1905 | CI78: 0 | CJ78: 0.0767 | CK78: 0 | CL78: 0 | CM78: 0.3083 | CN78: 0 | CO78: 0.3577 | CP78: 1.2596 | CQ78: 10.7657 | CR78: 17.1633 | CS78: 19.0213 | CT78: 34.9282 | CU78: 20.2196 | CV78: 19.9508 | CW78: 16.6695 | CX78: 23.0289 | CY78: 12.1394 | CZ78: 16.4598 | DA78: 11.5647 | DB78: 7.871 | DC78: 12.2815 | DD78: 10.4165 | DE78: 9.4562 | DF78: 4.886 | DG78: 6.7464 | DH78: 7.0332 | DI78: 9.2811 | DJ78: 6.5649 | DK78: 4.3173 | DL78: 5.7878 | DM78: 3.9103 | DN78: 5.2746 | DO78: 4.8495 | DP78: 5.0905 | DQ78: 7.3867 | DR78: 8.2274 | DS78: 5.9155 | DT78: 5.1686 | DU78: 6.3971 | DV78: 8.3247 | DW78: 7.7312 | DX78: 9.524 | DY78: 4.0331 | DZ78: 7.5203 | EA78: 9.46 | EB78: 9.374 | EC78: 9.8106 | ED78: 7.8608 | EE78: 11.6742 | EF78: 8.6226 | EG78: 8.6193 | EH78: 6.4009 | EI78: 5.9628 | EJ78: 6.0897 | EK78: 6.1692 | EL78: 4.7896 | EM78: 3.0307 | EN78: 3.2035 | EO78: 1.7736 | EP78: 2.0833 | EQ78: 1.1458 | ER78: 1.0565 | ES78: 0.6924 | ET78: 0.6809 | EU78: 0.5601 | EV78: 0.2427 | EW78: 0.6064 | EX78: 0.3278 | EY78: 0.5219 | EZ78: 0.2307 | FA78: 0.4342 | FB78: 0.3672 | FC78: 0.2628 | FD78: 0.2482 | FE78: 0.7044 | FF78: 0.0217 | FG78: 0.0149 | FH78: 0.0144 | FI78: 0.0239 | FJ78: 0.2099 | FK78: 0.2266 | FL78: 0 | FM78: 0.0938 | FN78: 0 | FO78: 0 | FP78: 0.4153
A79: N1710 | B79: VWAD | C79: 120 | D79: VWAD.120.4 | E79: =VLOOKUP(A79,[1]RHIZOMES!$A$1:$B$1048576,2,0) -> #N/A | G79: 1394.4635 | H79: 113.5409 | I79: 356.6992 | J79: 0.78235 | K79: 0.0132 | L79: 16.1959 | M79: 24.8732 | N79: 141.0354 | O79: 110.5241 | P79: 111.31 | Q79: 154.7469 | R79: 81.5422 | S79: 79.883 | T79: 72.2413 | U79: 83.2658 | V79: 28.7718 | W79: 43.0855 | X79: 24.1709 | Y79: 13.8275 | Z79: 14.9389 | AA79: 17.5602 | AB79: 20.7646 | AC79: 11.7719 | AD79: 15.1812 | AE79: 6.8899 | AF79: 8.5142 | AG79: 3.7114 | AH79: 9.5556 | AI79: 13.6337 | AJ79: 7.3809 | AK79: 12.2343 | AL79: 7.6731 | AM79: 14.3229 | AN79: 19.2383 | AO79: 21.0146 | AP79: 15.2817 | AQ79: 16.4705 | AR79: 14.5336 | AS79: 9.8699 | AT79: 12.2948 | AU79: 15.0486 | AV79: 8.0794 | AW79: 13.2461 | AX79: 19.5885 | AY79: 11.9598 | AZ79: 18.6589 | BA79: 8.1684 | BB79: 10.9871 | BC79: 7.196 | BD79: 3.7375 | BE79: 3.5932 | BF79: 2.5757 | BG79: 2.1873 | BH79: 1.8906 | BI79: 2.0735 | BJ79: 0.6792 | BK79: 1.1526 | BL79: 0.5028 | BM79: 0.2638 | BN79: 0.8197 | BO79: 1.1435 | BP79: 0.3652 | BQ79: 0.4035 | BR79: 0.0889 | BS79: 0.0672 | BT79: 0.1173 | BU79: 0.0386 | BV79: 0.0201 | BW79: 0.0566 | BX79: 0.075 | BY79: 0.0159 | BZ79: 0.0338 | CA79: 0.0201 | CB79: 0.027 | CC79: 0.0338 | CD79: 0.0338 | CE79: 0.0497 | CF79: 0.0127 | CG79: 0.0137 | CH79: 0.0227 | CI79: 0.018 | CJ79: 0 | CK79: 0 | CL79: 0 | CM79: 0.35 | CN79: 0.0002 | CO79: 0.4095 | CP79: 1.0285 | CQ79: 7.8206 | CR79: 8.009 | CS79: 9.4426 | CT79: 15.5807 | CU79: 9.7037 | CV79: 10.6257 | CW79: 10.598 | CX79: 13.8225 | CY79: 5.2253 | CZ79: 8.4287 | DA79: 5.2099 | DB79: 3.1329 | DC79: 3.6165 | DD79: 4.5317 | DE79: 5.7424 | DF79: 3.4258 | DG79: 4.6191 | DH79: 2.2064 | DI79: 2.888 | DJ79: 1.3242 | DK79: 3.5075 | DL79: 5.2884 | DM79: 2.9504 | DN79: 5.093 | DO79: 3.3313 | DP79: 6.4079 | DQ79: 8.9108 | DR79: 10.1175 | DS79: 7.538 | DT79: 8.3826 | DU79: 7.6519 | DV79: 5.3354 | DW79: 6.8267 | DX79: 8.6301 | DY79: 4.7775 | DZ79: 7.9725 | EA79: 12.1704 | EB79: 7.6282 | EC79: 12.1964 | ED79: 5.4267 | EE79: 7.4715 | EF79: 5.0378 | EG79: 2.6841 | EH79: 2.6238 | EI79: 1.9141 | EJ79: 1.6606 | EK79: 1.4704 | EL79: 1.6472 | EM79: 0.5486 | EN79: 0.9515 | EO79: 0.4234 | EP79: 0.2257 | EQ79: 0.7155 | ER79: 1.0167 | ES79: 0.329 | ET79: 0.3699 | EU79: 0.0829 | EV79: 0.0638 | EW79: 0.1129 | EX79: 0.038 | EY79: 0.0199 | EZ79: 0.0573 | FA79: 0.0771 | FB79: 0.0165 | FC79: 0.0359 | FD79: 0.0217 | FE79: 0.0295 | FF79: 0.0376 | FG79: 0.0381 | FH79: 0.0566 | FI79: 0.0146 | FJ79: 0.0161 | FK79: 0.0271 | FL79: 0.0215 | FM79: 0 | FN79: 0 | FO79: 0 | FP79: 0.5341
